month,device_id,person_id,install_timestamp,source,campaign,creative,platform,region_group,is_test_market,lifecycle,tracking_available
2025-10,SYN-202510-D1904353128A3,SYN-202510-P1904353128A3,2025-10-01 01:41:59,Game Network,Game iOS A,Concept 20,iOS,Western Europe,False,active,True
2025-10,SYN-202510-DCF4983149A7D,SYN-202510-PCF4983149A7D,2025-10-01 01:47:48,Game Network,Game iOS A,Concept 23,iOS,LATAM,False,active,True
2025-10,SYN-202510-DFF2366326311,SYN-202510-PFF2366326311,2025-10-01 02:21:43,Search Network,Search Android B,Campaign-level,Android,Western Europe,False,active,True
2025-10,SYN-202510-DD1241BB45A6D,SYN-202510-PD1241BB45A6D,2025-10-01 02:46:53,Search Network,Search Android B,Campaign-level,Android,Western Europe,False,active,True
2025-10,SYN-202510-D81DB46A914AB,SYN-202510-P81DB46A914AB,2025-10-01 03:31:45,Game Network,Game iOS A,Concept 23,iOS,APAC,False,active,True
2025-10,SYN-202510-D443BE78895A5,SYN-202510-P443BE78895A5,2025-10-01 03:37:42,Game Network,Game iOS A,Concept 23,iOS,LATAM,False,active,True
2025-10,SYN-202510-D0398F246D8BC,SYN-202510-P0398F246D8BC,2025-10-01 04:50:07,Game Network,Game iOS A,Concept 23,iOS,Western Europe,False,active,True
2025-10,SYN-202510-D9A04055BD018,SYN-202510-P9A04055BD018,2025-10-01 04:51:07,Game Network,Game iOS A,Concept 19,iOS,APAC,False,active,True
2025-10,SYN-202510-D79293B362BD6,SYN-202510-P79293B362BD6,2025-10-01 05:52:05,Game Network,Game iOS B,Concept 28,iOS,LATAM,False,active,True
2025-10,SYN-202510-D7704ED0111AA,SYN-202510-P7704ED0111AA,2025-10-01 05:57:44,Game Network,Game iOS A,Concept 23,iOS,APAC,False,active,True
2025-10,SYN-202510-D8F8D65B1E016,SYN-202510-P8F8D65B1E016,2025-10-01 06:00:49,Search Network,Search Android A,Campaign-level,Android,North America,False,active,True
2025-10,SYN-202510-DDEE1747D7D6B,SYN-202510-PDEE1747D7D6B,2025-10-01 06:23:43,Game Network,Game iOS A,Concept 23,iOS,APAC,False,active,True
2025-10,SYN-202510-D0CD0955BCE5A,SYN-202510-P0CD0955BCE5A,2025-10-01 07:12:16,Game Network,Game iOS A,Concept 23,iOS,LATAM,False,active,True
2025-10,SYN-202510-D913D681D9F30,SYN-202510-P913D681D9F30,2025-10-01 08:10:14,Game Network,Game iOS A,Concept 23,iOS,APAC,False,active,True
2025-10,SYN-202510-DB2791408167B,SYN-202510-PB2791408167B,2025-10-01 08:39:22,Game Network,Game iOS A,Concept 23,iOS,Western Europe,False,active,True
2025-10,SYN-202510-D3AAFFF8A2948,SYN-202510-P3AAFFF8A2948,2025-10-01 10:28:19,Game Network,Game Android A,Concept 29,Android,LATAM,False,stopped,True
2025-10,SYN-202510-D636FC2C0E3A7,SYN-202510-P636FC2C0E3A7,2025-10-01 10:59:48,Game Network,Game iOS B,Concept 25,iOS,Western Europe,False,active,True
2025-10,SYN-202510-DFF6FFBB45560,SYN-202510-PFF6FFBB45560,2025-10-01 11:23:50,Search Network,Search Android A,Campaign-level,Android,APAC,False,active,True
2025-10,SYN-202510-D91B65F8F6D53,SYN-202510-P91B65F8F6D53,2025-10-01 11:51:59,Game Network,Game iOS B,Concept 25,iOS,North America,False,active,True
2025-10,SYN-202510-D5D76614FC056,SYN-202510-P5D76614FC056,2025-10-01 12:48:40,Search Network,Search Android B,Campaign-level,Android,North America,False,active,True
2025-10,SYN-202510-DAA14D45B98B6,SYN-202510-PAA14D45B98B6,2025-10-01 15:06:59,Game Network,Game iOS B,Concept 24,iOS,Western Europe,False,active,True
2025-10,SYN-202510-DEA8E4F34168F,SYN-202510-PEA8E4F34168F,2025-10-01 16:27:07,Game Network,Game iOS A,Concept 23,iOS,Western Europe,False,active,True
2025-10,SYN-202510-DE3E6A833812D,SYN-202510-PE3E6A833812D,2025-10-01 16:54:21,Search Network,Search Android B,Campaign-level,Android,Western Europe,False,active,True
2025-10,SYN-202510-DB7ADA1DD013E,SYN-202510-PB7ADA1DD013E,2025-10-01 17:08:04,Search Network,Search Android B,Campaign-level,Android,North America,False,active,True
2025-10,SYN-202510-DDD19D3DAAC82,SYN-202510-PDD19D3DAAC82,2025-10-01 17:28:55,Game Network,Game iOS A,Concept 23,iOS,Western Europe,False,active,True
2025-10,SYN-202510-D69FC3DB3D0F2,SYN-202510-P69FC3DB3D0F2,2025-10-01 17:31:34,Search Network,Search Android B,Campaign-level,Android,Western Europe,False,active,True
2025-10,SYN-202510-D90248BDD5480,SYN-202510-P90248BDD5480,2025-10-01 17:33:59,Game Network,Game iOS A,Concept 23,iOS,Western Europe,False,active,True
2025-10,SYN-202510-D1148B92EB694,SYN-202510-P1148B92EB694,2025-10-01 19:21:06,Game Network,Game iOS B,Concept 27,iOS,North America,False,active,True
2025-10,SYN-202510-D67FEF20AEF23,SYN-202510-P67FEF20AEF23,2025-10-01 19:59:42,Search Network,Search Android B,Campaign-level,Android,APAC,False,active,True
2025-10,SYN-202510-D5C884385067E,SYN-202510-P5C884385067E,2025-10-01 20:01:27,Game Network,Game iOS A,Concept 23,iOS,North America,False,active,True
2025-10,SYN-202510-D83E62781AB9E,SYN-202510-P83E62781AB9E,2025-10-01 20:01:53,Game Network,Game iOS B,Concept 27,iOS,Western Europe,False,active,True
2025-10,SYN-202510-DC728DC4D8C3C,SYN-202510-PC728DC4D8C3C,2025-10-01 21:29:20,Game Network,Game iOS A,Concept 23,iOS,LATAM,False,active,True
2025-10,SYN-202510-D76340A856E7C,SYN-202510-P76340A856E7C,2025-10-01 22:21:04,Game Network,Game iOS B,Concept 27,iOS,APAC,False,active,True
2025-10,SYN-202510-D86B66C324F83,SYN-202510-P86B66C324F83,2025-10-01 23:19:16,Search Network,Search Android B,Campaign-level,Android,Western Europe,False,active,True
2025-10,SYN-202510-DE22659C04196,SYN-202510-PE22659C04196,2025-10-01 23:21:29,Search Network,Search Android A,Campaign-level,Android,LATAM,False,active,True
2025-10,SYN-202510-D8E7D5AC4A437,SYN-202510-P8E7D5AC4A437,2025-10-02 00:20:43,Game Network,Game iOS A,Concept 23,iOS,North America,False,active,False
2025-10,SYN-202510-DCC9FCFBE24C7,SYN-202510-PCC9FCFBE24C7,2025-10-02 00:49:40,Game Network,Game iOS A,Concept 23,iOS,APAC,False,active,True
2025-10,SYN-202510-D3358FFB3405F,SYN-202510-P3358FFB3405F,2025-10-02 01:32:58,Game Network,Game iOS A,Concept 23,iOS,APAC,False,active,True
2025-10,SYN-202510-DE81719C946BD,SYN-202510-PE81719C946BD,2025-10-02 01:42:47,Game Network,Game iOS A,Concept 23,iOS,APAC,False,active,True
2025-10,SYN-202510-DEFC6DC255B44,SYN-202510-PEFC6DC255B44,2025-10-02 01:54:30,Game Network,Game iOS A,Concept 21,iOS,Western Europe,False,active,True
2025-10,SYN-202510-D71E7E9B5FBC7,SYN-202510-P71E7E9B5FBC7,2025-10-02 01:55:33,Game Network,Game iOS A,Concept 23,iOS,APAC,False,active,True
2025-10,SYN-202510-DD3475F4193A8,SYN-202510-PD3475F4193A8,2025-10-02 03:05:43,Game Network,Game iOS A,Concept 23,iOS,LATAM,False,active,True
2025-10,SYN-202510-DBEB2EB5292C8,SYN-202510-PBEB2EB5292C8,2025-10-02 03:38:56,Game Network,Game iOS B,Concept 28,iOS,APAC,False,active,True
2025-10,SYN-202510-D31864D3F4605,SYN-202510-P31864D3F4605,2025-10-02 04:03:43,Game Network,Game iOS A,Concept 23,iOS,North America,False,active,True
2025-10,SYN-202510-DA48513581020,SYN-202510-PA48513581020,2025-10-02 05:46:43,Game Network,Game iOS A,Concept 23,iOS,North America,False,active,True
2025-10,SYN-202510-D669A90185267,SYN-202510-P669A90185267,2025-10-02 06:19:24,Game Network,Game iOS A,Concept 23,iOS,North America,False,active,True
2025-10,SYN-202510-D89935E658478,SYN-202510-P89935E658478,2025-10-02 06:31:25,Search Network,Search Android B,Campaign-level,Android,North America,False,active,True
2025-10,SYN-202510-D067D9004AE72,SYN-202510-P067D9004AE72,2025-10-02 06:35:38,Game Network,Game iOS B,Concept 28,iOS,LATAM,False,active,True
2025-10,SYN-202510-D96F6A1B4BE7B,SYN-202510-P96F6A1B4BE7B,2025-10-02 07:27:04,Search Network,Search Android B,Campaign-level,Android,North America,False,active,True
2025-10,SYN-202510-DD629F782C9A8,SYN-202510-PD629F782C9A8,2025-10-02 08:15:40,Game Network,Game Android C,Concept 32,Android,LATAM,False,active,False
2025-10,SYN-202510-D7679E7CC7CF2,SYN-202510-P7679E7CC7CF2,2025-10-02 08:45:25,Game Network,Game iOS A,Concept 23,iOS,Western Europe,False,active,True
2025-10,SYN-202510-DCC8F2BF47CFB,SYN-202510-PCC8F2BF47CFB,2025-10-02 09:42:30,Game Network,Game iOS B,Concept 24,iOS,North America,False,active,True
2025-10,SYN-202510-D46888E37DD54,SYN-202510-P46888E37DD54,2025-10-02 10:05:51,Social Network,Social iOS C,Concept 01,iOS,North America,False,active,True
2025-10,SYN-202510-D903487C12D74,SYN-202510-P903487C12D74,2025-10-02 10:14:31,Social Network,Social iOS C,Concept 01,iOS,APAC,False,active,True
2025-10,SYN-202510-D8353147AF532,SYN-202510-P8353147AF532,2025-10-02 10:19:31,Social Network,Social iOS C,Concept 01,iOS,APAC,False,active,True
2025-10,SYN-202510-D3DD8EC501AEA,SYN-202510-P3DD8EC501AEA,2025-10-02 11:38:56,Game Network,Game iOS A,Concept 23,iOS,APAC,False,active,True
2025-10,SYN-202510-D10C908727422,SYN-202510-P10C908727422,2025-10-02 11:55:27,Search Network,Search Android A,Campaign-level,Android,LATAM,False,active,True
2025-10,SYN-202510-D750FE15ED3F4,SYN-202510-P750FE15ED3F4,2025-10-02 12:21:01,Game Network,Game iOS B,Concept 27,iOS,Western Europe,False,active,True
2025-10,SYN-202510-DE8539E112FE3,SYN-202510-PE8539E112FE3,2025-10-02 12:58:38,Game Network,Game iOS A,Concept 23,iOS,APAC,False,active,True
2025-10,SYN-202510-DD274F0C3C5C6,SYN-202510-PD274F0C3C5C6,2025-10-02 15:09:54,Social Network,Social iOS C,Concept 04,iOS,North America,False,active,False
2025-10,SYN-202510-D5B21AABBB5F4,SYN-202510-P5B21AABBB5F4,2025-10-02 15:53:09,Social Network,Social iOS B,Concept 33,iOS,Western Europe,False,stopped,True
2025-10,SYN-202510-DD6D24A0AFE97,SYN-202510-PD6D24A0AFE97,2025-10-02 16:19:39,Game Network,Game iOS B,Concept 24,iOS,APAC,False,active,True
2025-10,SYN-202510-DA9A12FC4967D,SYN-202510-PA9A12FC4967D,2025-10-02 16:38:06,Game Network,Game iOS A,Concept 23,iOS,APAC,False,active,True
2025-10,SYN-202510-D0B3855D746A9,SYN-202510-P0B3855D746A9,2025-10-02 18:22:14,Game Network,Game iOS B,Concept 26,iOS,Western Europe,False,active,True
2025-10,SYN-202510-DF35BDF359F8E,SYN-202510-PF35BDF359F8E,2025-10-02 18:30:09,Game Network,Game iOS B,Concept 25,iOS,Western Europe,False,active,True
2025-10,SYN-202510-D1BDEB5A1102D,SYN-202510-P1BDEB5A1102D,2025-10-02 18:40:37,Social Network,Social iOS C,Concept 04,iOS,North America,False,active,True
2025-10,SYN-202510-D4614514762A7,SYN-202510-P4614514762A7,2025-10-02 18:51:08,Search Network,Search Android E,Campaign-level,Android,Western Europe,False,active,True
2025-10,SYN-202510-DA054C1F819E3,SYN-202510-PA054C1F819E3,2025-10-02 19:12:09,Game Network,Game Android C,Concept 30,Android,Western Europe,False,active,True
2025-10,SYN-202510-D8820C9D5039B,SYN-202510-P8820C9D5039B,2025-10-02 19:16:23,Search Network,Search Android E,Campaign-level,Android,North America,False,active,False
2025-10,SYN-202510-D293567C932A5,SYN-202510-P293567C932A5,2025-10-02 19:23:23,Search Network,Search Android E,Campaign-level,Android,APAC,False,active,True
2025-10,SYN-202510-D100C8E79FCE7,SYN-202510-P100C8E79FCE7,2025-10-02 19:23:55,Game Network,Game Android C,Concept 31,Android,North America,False,active,True
2025-10,SYN-202510-DCF2A3C87A0E5,SYN-202510-PCF2A3C87A0E5,2025-10-02 19:34:57,Game Network,Game Android C,Concept 31,Android,North America,False,active,True
2025-10,SYN-202510-D818C07C5DD58,SYN-202510-P818C07C5DD58,2025-10-02 19:36:56,Social Network,Social iOS C,Concept 02,iOS,LATAM,False,active,False
2025-10,SYN-202510-D4F47B04733CC,SYN-202510-P4F47B04733CC,2025-10-02 19:46:05,Game Network,Game iOS B,Concept 24,iOS,APAC,False,active,True
2025-10,SYN-202510-D5C51E0ED3137,SYN-202510-P5C51E0ED3137,2025-10-02 20:01:12,Social Network,Social iOS C,Concept 04,iOS,North America,False,active,True
2025-10,SYN-202510-D9A4DB8DAE6F0,SYN-202510-P9A4DB8DAE6F0,2025-10-02 20:01:20,Search Network,Search Android E,Campaign-level,Android,Western Europe,False,active,True
2025-10,SYN-202510-DCE52080D31FE,SYN-202510-PCE52080D31FE,2025-10-02 20:09:07,Game Network,Game Android C,Concept 31,Android,APAC,False,active,True
2025-10,SYN-202510-DAACAC65FDEBE,SYN-202510-PAACAC65FDEBE,2025-10-02 20:13:36,Search Network,Search Android E,Campaign-level,Android,APAC,False,active,True
2025-10,SYN-202510-DEA86600B57CA,SYN-202510-PEA86600B57CA,2025-10-02 20:49:06,Search Network,Search Android E,Campaign-level,Android,Western Europe,False,active,True
2025-10,SYN-202510-D93D4E9206BCD,SYN-202510-P93D4E9206BCD,2025-10-02 21:25:30,Game Network,Game iOS B,Concept 25,iOS,LATAM,False,active,True
2025-10,SYN-202510-D3A876B61F246,SYN-202510-P3A876B61F246,2025-10-02 21:38:15,Game Network,Game iOS B,Concept 25,iOS,APAC,False,active,True
2025-10,SYN-202510-D6A01C161D1BF,SYN-202510-P6A01C161D1BF,2025-10-02 21:38:47,Social Network,Social iOS C,Concept 06,iOS,North America,False,active,True
2025-10,SYN-202510-DE91894B42D09,SYN-202510-PE91894B42D09,2025-10-02 21:45:04,Social Network,Social iOS C,Concept 05,iOS,APAC,False,active,True
2025-10,SYN-202510-D4CE362EC52C3,SYN-202510-P4CE362EC52C3,2025-10-02 21:57:23,Social Network,Social iOS C,Concept 03,iOS,North America,False,active,True
2025-10,SYN-202510-D73CCD874A103,SYN-202510-P73CCD874A103,2025-10-02 21:58:04,Game Network,Game iOS A,Concept 23,iOS,Western Europe,False,active,True
2025-10,SYN-202510-DC9E14E8A17C0,SYN-202510-PC9E14E8A17C0,2025-10-02 22:16:23,Social Network,Social iOS C,Concept 04,iOS,Western Europe,False,active,False
2025-10,SYN-202510-DA1FE14FE5693,SYN-202510-PA1FE14FE5693,2025-10-02 22:18:51,Game Network,Game Android C,Concept 31,Android,LATAM,False,active,False
2025-10,SYN-202510-DB7E5E9DC05A8,SYN-202510-PB7E5E9DC05A8,2025-10-02 22:47:49,Game Network,Game iOS A,Concept 23,iOS,Western Europe,False,active,True
2025-10,SYN-202510-DF3B1798D0F68,SYN-202510-PF3B1798D0F68,2025-10-02 23:09:55,Search Network,Search Android E,Campaign-level,Android,Western Europe,False,active,True
2025-10,SYN-202510-DDFB51072F4D6,SYN-202510-PDFB51072F4D6,2025-10-02 23:15:51,Search Network,Search Android E,Campaign-level,Android,North America,False,active,False
2025-10,SYN-202510-D5797993F4B47,SYN-202510-P5797993F4B47,2025-10-02 23:26:19,Game Network,Game iOS A,Concept 23,iOS,APAC,False,active,True
2025-10,SYN-202510-DBD970CB83BEC,SYN-202510-PBD970CB83BEC,2025-10-02 23:27:02,Game Network,Game Android C,Concept 31,Android,APAC,False,active,True
2025-10,SYN-202510-D5AC050DF656B,SYN-202510-P5AC050DF656B,2025-10-02 23:41:01,Game Network,Game iOS A,Concept 23,iOS,LATAM,False,active,True
2025-10,SYN-202510-D4F986E662824,SYN-202510-P4F986E662824,2025-10-03 00:36:18,Game Network,Game Android C,Concept 31,Android,LATAM,False,active,True
2025-10,SYN-202510-DEF63001F6760,SYN-202510-PEF63001F6760,2025-10-03 00:59:46,Search Network,Search Android B,Campaign-level,Android,APAC,False,active,True
2025-10,SYN-202510-D1A0D2DA7D987,SYN-202510-P1A0D2DA7D987,2025-10-03 01:11:03,Search Network,Search Android E,Campaign-level,Android,North America,False,active,True
2025-10,SYN-202510-D148AEED0F829,SYN-202510-P148AEED0F829,2025-10-03 01:11:46,Game Network,Game Android C,Concept 30,Android,North America,False,active,True
2025-10,SYN-202510-D1638E0E3F530,SYN-202510-P1638E0E3F530,2025-10-03 01:23:48,Game Network,Game iOS A,Concept 23,iOS,LATAM,False,active,True
2025-10,SYN-202510-DCD116610839D,SYN-202510-PCD116610839D,2025-10-03 01:36:47,Game Network,Game iOS B,Concept 24,iOS,APAC,False,active,True
2025-10,SYN-202510-D636537B00474,SYN-202510-P636537B00474,2025-10-03 01:52:32,Search Network,Search Android E,Campaign-level,Android,North America,False,active,True
2025-10,SYN-202510-DB28498937467,SYN-202510-PB28498937467,2025-10-03 02:20:01,Game Network,Game Android C,Concept 32,Android,North America,False,active,True
2025-10,SYN-202510-D31CA5CEB73B8,SYN-202510-P31CA5CEB73B8,2025-10-03 02:56:33,Game Network,Game iOS A,Concept 23,iOS,Western Europe,False,active,True
2025-10,SYN-202510-DB262515AD4E3,SYN-202510-PB262515AD4E3,2025-10-03 02:57:21,Social Network,Social iOS C,Concept 04,iOS,Western Europe,False,active,True
2025-10,SYN-202510-D816EA7918124,SYN-202510-P816EA7918124,2025-10-03 03:08:48,Game Network,Game iOS A,Concept 23,iOS,LATAM,False,active,True
2025-10,SYN-202510-D1FFFAC12B5F5,SYN-202510-P1FFFAC12B5F5,2025-10-03 03:14:50,Search Network,Search Android E,Campaign-level,Android,North America,False,active,True
2025-10,SYN-202510-D68150D173A91,SYN-202510-P68150D173A91,2025-10-03 03:45:14,Game Network,Game iOS A,Concept 23,iOS,Western Europe,False,active,True
2025-10,SYN-202510-D8E2F0F963B69,SYN-202510-P8E2F0F963B69,2025-10-03 03:55:35,Search Network,Search Android E,Campaign-level,Android,Western Europe,False,active,True
2025-10,SYN-202510-D9CB9BF1EA7B0,SYN-202510-P9CB9BF1EA7B0,2025-10-03 03:59:53,Store Search,Store iOS A,Campaign-level,iOS,North America,False,active,True
2025-10,SYN-202510-DE9745B9BA1EA,SYN-202510-PE9745B9BA1EA,2025-10-03 05:14:19,Game Network,Game iOS A,Concept 23,iOS,Western Europe,False,active,True
2025-10,SYN-202510-DE4757970F6D3,SYN-202510-PE4757970F6D3,2025-10-03 06:41:24,Game Network,Game iOS B,Concept 27,iOS,APAC,False,active,True
