month,device_id,person_id,install_timestamp,source,campaign,creative,platform,region_group,is_test_market,lifecycle,tracking_available,quality_flag,tracked,sessions,levels_completed,ad_impressions,active_days,ad_revenue_usd,iap_revenue_usd,total_revenue_usd,d1_eligible,d1_returned,d3_eligible,d3_returned,d7_eligible,d7_returned,d14_eligible,d14_returned
2025-10,SYN-202510-D1904353128A3,SYN-202510-P1904353128A3,2025-10-01 01:41:59,Game Network,Game iOS A,Concept 20,iOS,Western Europe,False,active,True,,1,3.0,6.0,0.0,2.0,0.0,0.0,0.0,1,0,1,1,0,0,0,0
2025-10,SYN-202510-DCF4983149A7D,SYN-202510-PCF4983149A7D,2025-10-01 01:47:48,Game Network,Game iOS A,Concept 23,iOS,LATAM,False,active,True,,1,1.0,2.0,0.0,2.0,0.0,0.0,0.0,1,0,1,0,0,0,0,0
2025-10,SYN-202510-DFF2366326311,SYN-202510-PFF2366326311,2025-10-01 02:21:43,Search Network,Search Android B,Campaign-level,Android,Western Europe,False,stopped,True,,1,1.0,14.0,4.0,1.0,0.136,0.0,0.136,1,0,1,0,0,0,0,0
2025-10,SYN-202510-DD1241BB45A6D,SYN-202510-PD1241BB45A6D,2025-10-01 02:46:53,Search Network,Search Android B,Campaign-level,Android,Western Europe,False,stopped,True,,1,1.0,1.0,0.0,1.0,0.0,0.0,0.0,1,0,1,0,0,0,0,0
2025-10,SYN-202510-D81DB46A914AB,SYN-202510-P81DB46A914AB,2025-10-01 03:31:45,Game Network,Game iOS A,Concept 23,iOS,APAC,False,active,True,,1,2.0,3.0,0.0,2.0,0.0,0.0,0.0,1,1,1,0,0,0,0,0
2025-10,SYN-202510-D443BE78895A5,SYN-202510-P443BE78895A5,2025-10-01 03:37:42,Game Network,Game iOS A,Concept 23,iOS,LATAM,False,active,True,,1,2.0,9.0,2.0,1.0,0.3974,0.0,0.3974,1,0,1,0,0,0,0,0
2025-10,SYN-202510-D0398F246D8BC,SYN-202510-P0398F246D8BC,2025-10-01 04:50:07,Game Network,Game iOS A,Concept 23,iOS,Western Europe,False,active,True,,1,1.0,5.0,0.0,1.0,0.0,0.0,0.0,1,0,1,0,0,0,0,0
2025-10,SYN-202510-D9A04055BD018,SYN-202510-P9A04055BD018,2025-10-01 04:51:07,Game Network,Game iOS A,Concept 19,iOS,APAC,False,active,True,,1,1.0,12.0,1.0,1.0,0.2291,0.0,0.2291,1,0,1,0,0,0,0,0
2025-10,SYN-202510-D79293B362BD6,SYN-202510-P79293B362BD6,2025-10-01 05:52:05,Game Network,Game iOS B,Concept 28,iOS,LATAM,False,active,True,,1,3.0,42.0,12.0,2.0,0.2268,0.0,0.2268,1,0,1,0,0,0,0,0
2025-10,SYN-202510-D7704ED0111AA,SYN-202510-P7704ED0111AA,2025-10-01 05:57:44,Game Network,Game iOS A,Concept 23,iOS,APAC,False,active,True,,1,21.0,32.0,19.0,5.0,0.589,0.0,0.589,1,1,1,1,0,0,0,0
2025-10,SYN-202510-D8F8D65B1E016,SYN-202510-P8F8D65B1E016,2025-10-01 06:00:49,Search Network,Search Android A,Campaign-level,Android,North America,False,active,True,,1,2.0,16.0,3.0,1.0,0.7518,0.0,0.7518,1,0,1,0,0,0,0,0
2025-10,SYN-202510-DDEE1747D7D6B,SYN-202510-PDEE1747D7D6B,2025-10-01 06:23:43,Game Network,Game iOS A,Concept 23,iOS,APAC,False,active,True,,1,13.0,126.0,49.0,6.0,0.2499,0.0,0.2499,1,1,1,1,0,0,0,0
2025-10,SYN-202510-D0CD0955BCE5A,SYN-202510-P0CD0955BCE5A,2025-10-01 07:12:16,Game Network,Game iOS A,Concept 23,iOS,LATAM,False,active,True,,1,6.0,61.0,24.0,3.0,0.4008,0.0,0.4008,1,1,1,1,0,0,0,0
2025-10,SYN-202510-D913D681D9F30,SYN-202510-P913D681D9F30,2025-10-01 08:10:14,Game Network,Game iOS A,Concept 23,iOS,APAC,False,active,True,,1,2.0,4.0,0.0,2.0,0.0,0.99,0.99,1,0,1,1,0,0,0,0
2025-10,SYN-202510-DF0EFFB5C9203,SYN-202510-PF0EFFB5C9203,2025-10-01 08:27:44,Game Network,Game iOS B,Concept 26,iOS,APAC,False,active,True,network_flag,1,2.0,51.0,33.0,1.0,0.0825,0.0,0.0825,1,0,1,0,0,0,0,0
2025-10,SYN-202510-DB2791408167B,SYN-202510-PB2791408167B,2025-10-01 08:39:22,Game Network,Game iOS A,Concept 23,iOS,Western Europe,False,active,True,,1,2.0,14.0,2.0,1.0,0.2978,0.0,0.2978,1,0,1,0,0,0,0,0
2025-10,SYN-202510-D3AAFFF8A2948,SYN-202510-P3AAFFF8A2948,2025-10-01 10:28:19,Game Network,Game Android A,Concept 29,Android,LATAM,False,stopped,True,,1,1.0,4.0,0.0,1.0,0.0,0.0,0.0,1,0,1,0,0,0,0,0
2025-10,SYN-202510-D636FC2C0E3A7,SYN-202510-P636FC2C0E3A7,2025-10-01 10:59:48,Game Network,Game iOS B,Concept 25,iOS,Western Europe,False,active,True,,1,1.0,13.0,2.0,1.0,0.1046,0.0,0.1046,1,0,1,0,0,0,0,0
2025-10,SYN-202510-DFF6FFBB45560,SYN-202510-PFF6FFBB45560,2025-10-01 11:23:50,Search Network,Search Android A,Campaign-level,Android,APAC,False,active,True,,1,3.0,9.0,0.0,1.0,0.0,0.0,0.0,1,0,1,0,0,0,0,0
2025-10,SYN-202510-D91B65F8F6D53,SYN-202510-P91B65F8F6D53,2025-10-01 11:51:59,Game Network,Game iOS B,Concept 25,iOS,North America,False,active,True,,1,4.0,46.0,4.0,1.0,0.094,0.0,0.094,1,0,1,0,0,0,0,0
2025-10,SYN-202510-D5D76614FC056,SYN-202510-P5D76614FC056,2025-10-01 12:48:40,Search Network,Search Android B,Campaign-level,Android,North America,False,stopped,True,,1,22.0,142.0,160.0,6.0,0.144,0.0,0.144,1,1,1,1,0,0,0,0
2025-10,SYN-202510-DAA14D45B98B6,SYN-202510-PAA14D45B98B6,2025-10-01 15:06:59,Game Network,Game iOS B,Concept 24,iOS,Western Europe,False,active,True,,1,6.0,51.0,14.0,3.0,0.14700000000000002,0.0,0.14700000000000002,1,1,1,0,0,0,0,0
2025-10,SYN-202510-DEA8E4F34168F,SYN-202510-PEA8E4F34168F,2025-10-01 16:27:07,Game Network,Game iOS A,Concept 23,iOS,Western Europe,False,active,True,,1,2.0,10.0,1.0,2.0,0.3102,0.0,0.3102,1,0,1,0,0,0,0,0
2025-10,SYN-202510-DE3E6A833812D,SYN-202510-PE3E6A833812D,2025-10-01 16:54:21,Search Network,Search Android B,Campaign-level,Android,Western Europe,False,stopped,True,,1,1.0,0.0,0.0,1.0,0.0,0.0,0.0,1,0,1,0,0,0,0,0
2025-10,SYN-202510-DB7ADA1DD013E,SYN-202510-PB7ADA1DD013E,2025-10-01 17:08:04,Search Network,Search Android B,Campaign-level,Android,North America,False,stopped,True,,1,1.0,2.0,0.0,1.0,0.0,0.0,0.0,1,0,1,0,0,0,0,0
2025-10,SYN-202510-DDD19D3DAAC82,SYN-202510-PDD19D3DAAC82,2025-10-01 17:28:55,Game Network,Game iOS A,Concept 23,iOS,Western Europe,False,active,True,,1,2.0,3.0,0.0,1.0,0.0,0.0,0.0,1,0,1,0,0,0,0,0
2025-10,SYN-202510-D69FC3DB3D0F2,SYN-202510-P69FC3DB3D0F2,2025-10-01 17:31:34,Search Network,Search Android B,Campaign-level,Android,Western Europe,False,stopped,True,,1,9.0,10.0,4.0,5.0,0.1128,0.0,0.1128,1,1,1,1,0,0,0,0
2025-10,SYN-202510-D90248BDD5480,SYN-202510-P90248BDD5480,2025-10-01 17:33:59,Game Network,Game iOS A,Concept 23,iOS,Western Europe,False,active,True,,1,1.0,6.0,0.0,2.0,0.0,0.0,0.0,1,0,1,0,0,0,0,0
2025-10,SYN-202510-D54C2398B06B4,SYN-202510-P54C2398B06B4,2025-10-01 17:36:01,Game Network,Game iOS B,Concept 26,iOS,LATAM,False,active,True,network_flag,1,3.0,13.0,0.0,2.0,0.0,0.0,0.0,1,0,1,0,0,0,0,0
2025-10,SYN-202510-D1148B92EB694,SYN-202510-P1148B92EB694,2025-10-01 19:21:06,Game Network,Game iOS B,Concept 27,iOS,North America,False,active,True,,1,3.0,12.0,9.0,1.0,0.17820000000000003,0.0,0.17820000000000003,1,0,1,0,0,0,0,0
2025-10,SYN-202510-D67FEF20AEF23,SYN-202510-P67FEF20AEF23,2025-10-01 19:59:42,Search Network,Search Android B,Campaign-level,Android,APAC,False,stopped,True,,1,3.0,33.0,16.0,2.0,0.216,0.0,0.216,1,0,1,1,0,0,0,0
2025-10,SYN-202510-D5C884385067E,SYN-202510-P5C884385067E,2025-10-01 20:01:27,Game Network,Game iOS A,Concept 23,iOS,North America,False,active,True,,1,1.0,4.0,0.0,1.0,0.0,0.0,0.0,1,0,1,0,0,0,0,0
2025-10,SYN-202510-D83E62781AB9E,SYN-202510-P83E62781AB9E,2025-10-01 20:01:53,Game Network,Game iOS B,Concept 27,iOS,Western Europe,False,active,True,,1,1.0,48.0,3.0,1.0,0.0867,0.0,0.0867,1,0,1,0,0,0,0,0
2025-10,SYN-202510-DC728DC4D8C3C,SYN-202510-PC728DC4D8C3C,2025-10-01 21:29:20,Game Network,Game iOS A,Concept 23,iOS,LATAM,False,active,True,,1,4.0,41.0,14.0,1.0,0.3948,0.0,0.3948,1,0,1,0,0,0,0,0
2025-10,SYN-202510-D76340A856E7C,SYN-202510-P76340A856E7C,2025-10-01 22:21:04,Game Network,Game iOS B,Concept 27,iOS,APAC,False,active,True,,1,2.0,10.0,1.0,2.0,0.2024,0.0,0.2024,1,1,1,0,0,0,0,0
2025-10,SYN-202510-D86B66C324F83,SYN-202510-P86B66C324F83,2025-10-01 23:19:16,Search Network,Search Android B,Campaign-level,Android,Western Europe,False,stopped,True,,1,20.0,333.0,313.0,4.0,0.1252,0.0,0.1252,1,1,1,1,0,0,0,0
2025-10,SYN-202510-DE22659C04196,SYN-202510-PE22659C04196,2025-10-01 23:21:29,Search Network,Search Android A,Campaign-level,Android,LATAM,False,active,True,,1,3.0,3.0,0.0,2.0,0.0,0.0,0.0,1,0,1,0,0,0,0,0
2025-10,SYN-202510-D8E7D5AC4A437,SYN-202510-P8E7D5AC4A437,2025-10-02 00:20:43,Game Network,Game iOS A,Concept 23,iOS,North America,False,active,False,,0,0.0,0.0,0.0,0.0,0.0,0.0,0.0,1,0,1,0,0,0,0,0
2025-10,SYN-202510-DCC9FCFBE24C7,SYN-202510-PCC9FCFBE24C7,2025-10-02 00:49:40,Game Network,Game iOS A,Concept 23,iOS,APAC,False,active,True,,1,1.0,3.0,0.0,1.0,0.0,0.0,0.0,1,0,1,0,0,0,0,0
2025-10,SYN-202510-D3358FFB3405F,SYN-202510-P3358FFB3405F,2025-10-02 01:32:58,Game Network,Game iOS A,Concept 23,iOS,APAC,False,active,True,,1,3.0,8.0,3.0,2.0,0.49260000000000004,0.0,0.49260000000000004,1,0,1,1,0,0,0,0
2025-10,SYN-202510-DE81719C946BD,SYN-202510-PE81719C946BD,2025-10-02 01:42:47,Game Network,Game iOS A,Concept 23,iOS,APAC,False,active,True,,1,1.0,19.0,2.0,1.0,0.1396,0.0,0.1396,1,0,1,0,0,0,0,0
2025-10,SYN-202510-DEFC6DC255B44,SYN-202510-PEFC6DC255B44,2025-10-02 01:54:30,Game Network,Game iOS A,Concept 21,iOS,Western Europe,False,active,True,,1,1.0,2.0,1.0,1.0,0.3278,0.0,0.3278,1,0,1,0,0,0,0,0
2025-10,SYN-202510-D71E7E9B5FBC7,SYN-202510-P71E7E9B5FBC7,2025-10-02 01:55:33,Game Network,Game iOS A,Concept 23,iOS,APAC,False,active,True,,1,1.0,2.0,0.0,1.0,0.0,0.0,0.0,1,0,1,0,0,0,0,0
2025-10,SYN-202510-DD3475F4193A8,SYN-202510-PD3475F4193A8,2025-10-02 03:05:43,Game Network,Game iOS A,Concept 23,iOS,LATAM,False,active,True,,1,3.0,18.0,5.0,3.0,0.18,0.0,0.18,1,1,1,1,0,0,0,0
2025-10,SYN-202510-DBEB2EB5292C8,SYN-202510-PBEB2EB5292C8,2025-10-02 03:38:56,Game Network,Game iOS B,Concept 28,iOS,APAC,False,active,True,,1,2.0,11.0,0.0,1.0,0.0,0.0,0.0,1,0,1,0,0,0,0,0
2025-10,SYN-202510-D31864D3F4605,SYN-202510-P31864D3F4605,2025-10-02 04:03:43,Game Network,Game iOS A,Concept 23,iOS,North America,False,active,True,,1,6.0,97.0,9.0,2.0,0.2079,0.0,0.2079,1,0,1,0,0,0,0,0
2025-10,SYN-202510-DA48513581020,SYN-202510-PA48513581020,2025-10-02 05:46:43,Game Network,Game iOS A,Concept 23,iOS,North America,False,active,True,,1,1.0,3.0,0.0,1.0,0.0,0.0,0.0,1,0,0,0,0,0,0,0
2025-10,SYN-202510-D669A90185267,SYN-202510-P669A90185267,2025-10-02 06:19:24,Game Network,Game iOS A,Concept 23,iOS,North America,False,active,True,,1,1.0,3.0,0.0,1.0,0.0,0.0,0.0,1,0,0,0,0,0,0,0
2025-10,SYN-202510-D89935E658478,SYN-202510-P89935E658478,2025-10-02 06:31:25,Search Network,Search Android B,Campaign-level,Android,North America,False,stopped,True,,1,1.0,1.0,1.0,1.0,0.2739,0.0,0.2739,1,0,0,0,0,0,0,0
2025-10,SYN-202510-D067D9004AE72,SYN-202510-P067D9004AE72,2025-10-02 06:35:38,Game Network,Game iOS B,Concept 28,iOS,LATAM,False,active,True,,1,7.0,58.0,20.0,2.0,0.172,0.0,0.172,1,0,0,0,0,0,0,0
2025-10,SYN-202510-D96F6A1B4BE7B,SYN-202510-P96F6A1B4BE7B,2025-10-02 07:27:04,Search Network,Search Android B,Campaign-level,Android,North America,False,stopped,True,,1,11.0,35.0,19.0,4.0,0.1634,0.0,0.1634,1,1,0,0,0,0,0,0
2025-10,SYN-202510-DD629F782C9A8,SYN-202510-PD629F782C9A8,2025-10-02 08:15:40,Game Network,Game Android C,Concept 32,Android,LATAM,False,active,False,,0,0.0,0.0,0.0,0.0,0.0,0.0,0.0,1,0,0,0,0,0,0,0
2025-10,SYN-202510-D7679E7CC7CF2,SYN-202510-P7679E7CC7CF2,2025-10-02 08:45:25,Game Network,Game iOS A,Concept 23,iOS,Western Europe,False,active,True,,1,3.0,20.0,3.0,2.0,0.2358,0.0,0.2358,1,0,0,0,0,0,0,0
2025-10,SYN-202510-D07CA099B8820,SYN-202510-P07CA099B8820,2025-10-02 09:03:30,Game Network,Game Android C,Concept 32,Android,Western Europe,False,active,True,network_flag;device_pattern,1,2.0,0.0,0.0,1.0,0.0,0.0,0.0,1,0,0,0,0,0,0,0
2025-10,SYN-202510-DDE9D70FD55C7,SYN-202510-PDE9D70FD55C7,2025-10-02 09:20:05,Game Network,Game Android C,Concept 32,Android,North America,False,active,True,network_flag;device_pattern,1,1.0,1.0,0.0,1.0,0.0,0.0,0.0,1,0,0,0,0,0,0,0
2025-10,SYN-202510-DCC8F2BF47CFB,SYN-202510-PCC8F2BF47CFB,2025-10-02 09:42:30,Game Network,Game iOS B,Concept 24,iOS,North America,False,active,True,,1,2.0,10.0,1.0,2.0,0.1438,0.0,0.1438,1,1,0,0,0,0,0,0
2025-10,SYN-202510-D46888E37DD54,SYN-202510-P46888E37DD54,2025-10-02 10:05:51,Social Network,Social iOS C,Concept 01,iOS,North America,False,active,True,,1,1.0,9.0,0.0,1.0,0.0,0.0,0.0,1,0,0,0,0,0,0,0
2025-10,SYN-202510-D903487C12D74,SYN-202510-P903487C12D74,2025-10-02 10:14:31,Social Network,Social iOS C,Concept 01,iOS,APAC,False,active,True,,1,2.0,3.0,0.0,1.0,0.0,0.0,0.0,1,0,0,0,0,0,0,0
2025-10,SYN-202510-D8353147AF532,SYN-202510-P8353147AF532,2025-10-02 10:19:31,Social Network,Social iOS C,Concept 01,iOS,APAC,False,active,True,,1,2.0,4.0,0.0,1.0,0.0,0.0,0.0,1,0,0,0,0,0,0,0
2025-10,SYN-202510-DAA97EA99BCF6,SYN-202510-PAA97EA99BCF6,2025-10-02 10:32:51,Game Network,Game Android C,Concept 32,Android,North America,False,active,True,network_flag;device_pattern,1,5.0,0.0,0.0,3.0,0.0,0.0,0.0,1,1,0,0,0,0,0,0
2025-10,SYN-202510-D3DD8EC501AEA,SYN-202510-P3DD8EC501AEA,2025-10-02 11:38:56,Game Network,Game iOS A,Concept 23,iOS,APAC,False,active,True,,1,5.0,8.0,0.0,2.0,0.0,0.0,0.0,1,1,0,0,0,0,0,0
2025-10,SYN-202510-D10C908727422,SYN-202510-P10C908727422,2025-10-02 11:55:27,Search Network,Search Android A,Campaign-level,Android,LATAM,False,active,True,,1,1.0,2.0,0.0,1.0,0.0,0.0,0.0,1,0,0,0,0,0,0,0
2025-10,SYN-202510-D750FE15ED3F4,SYN-202510-P750FE15ED3F4,2025-10-02 12:21:01,Game Network,Game iOS B,Concept 27,iOS,Western Europe,False,active,True,,1,5.0,20.0,6.0,2.0,0.15660000000000002,0.0,0.15660000000000002,1,1,0,0,0,0,0,0
2025-10,SYN-202510-D70865D8183E0,SYN-202510-P70865D8183E0,2025-10-02 12:47:55,Game Network,Game Android C,Concept 31,Android,North America,False,active,True,,1,1.0,4.0,1.0,1.0,0.012,0.0,0.012,1,0,0,0,0,0,0,0
2025-10,SYN-202510-DE8539E112FE3,SYN-202510-PE8539E112FE3,2025-10-02 12:58:38,Game Network,Game iOS A,Concept 23,iOS,APAC,False,active,True,,1,3.0,25.0,4.0,2.0,0.3996,0.0,0.3996,1,1,0,0,0,0,0,0
2025-10,SYN-202510-DEA40B541A75F,SYN-202510-PEA40B541A75F,2025-10-02 13:37:02,Search Network,Search Android A,Campaign-level,Android,APAC,False,active,True,,1,7.0,27.0,10.0,2.0,0.6769999999999999,0.0,0.6769999999999999,1,0,0,0,0,0,0,0
2025-10,SYN-202510-DD274F0C3C5C6,SYN-202510-PD274F0C3C5C6,2025-10-02 15:09:54,Social Network,Social iOS C,Concept 04,iOS,North America,False,active,False,,0,0.0,0.0,0.0,0.0,0.0,0.0,0.0,1,0,0,0,0,0,0,0
2025-10,SYN-202510-D5B21AABBB5F4,SYN-202510-P5B21AABBB5F4,2025-10-02 15:53:09,Social Network,Social iOS B,Concept 33,iOS,Western Europe,False,stopped,True,,1,2.0,7.0,0.0,1.0,0.0,0.0,0.0,1,0,0,0,0,0,0,0
2025-10,SYN-202510-DAD8814847F0A,SYN-202510-PAD8814847F0A,2025-10-02 16:01:17,Game Network,Game Android C,Concept 31,Android,North America,False,active,False,,0,0.0,0.0,0.0,0.0,0.0,0.0,0.0,1,0,0,0,0,0,0,0
2025-10,SYN-202510-DD6D24A0AFE97,SYN-202510-PD6D24A0AFE97,2025-10-02 16:19:39,Game Network,Game iOS B,Concept 24,iOS,APAC,False,active,True,,1,1.0,50.0,13.0,2.0,0.3016,0.0,0.3016,1,0,0,0,0,0,0,0
2025-10,SYN-202510-DA9A12FC4967D,SYN-202510-PA9A12FC4967D,2025-10-02 16:38:06,Game Network,Game iOS A,Concept 23,iOS,APAC,False,active,True,,1,4.0,10.0,0.0,3.0,0.0,0.0,0.0,1,1,0,0,0,0,0,0
2025-10,SYN-202510-DD38AEB46DF21,SYN-202510-PD38AEB46DF21,2025-10-02 17:12:45,Game Network,Game Android C,Concept 30,Android,North America,False,active,False,,0,0.0,0.0,0.0,0.0,0.0,0.0,0.0,1,0,0,0,0,0,0,0
2025-10,SYN-202510-DDB557C7A9709,SYN-202510-PDB557C7A9709,2025-10-02 17:12:46,Search Network,Search Android E,Campaign-level,Android,APAC,False,active,True,,1,2.0,9.0,0.0,2.0,0.0,0.0,0.0,1,0,0,0,0,0,0,0
2025-10,SYN-202510-DB98258AD569A,SYN-202510-PB98258AD569A,2025-10-02 17:13:22,Game Network,Game Android C,Concept 31,Android,Western Europe,False,active,True,,1,1.0,14.0,0.0,1.0,0.0,0.0,0.0,1,0,0,0,0,0,0,0
2025-10,SYN-202510-D0EB38C91DE0F,SYN-202510-P0EB38C91DE0F,2025-10-02 17:47:49,Search Network,Search Android E,Campaign-level,Android,Western Europe,False,active,True,,1,1.0,12.0,0.0,2.0,0.0,0.0,0.0,1,0,0,0,0,0,0,0
2025-10,SYN-202510-D614CA34F6B59,SYN-202510-P614CA34F6B59,2025-10-02 17:52:47,Search Network,Search Android E,Campaign-level,Android,Western Europe,False,active,True,,1,3.0,0.0,0.0,2.0,0.0,0.0,0.0,1,1,0,0,0,0,0,0
2025-10,SYN-202510-D700336781DB9,SYN-202510-P700336781DB9,2025-10-02 17:53:59,Search Network,Search Android E,Campaign-level,Android,North America,False,active,True,,1,3.0,4.0,2.0,1.0,0.0654,0.0,0.0654,1,0,0,0,0,0,0,0
2025-10,SYN-202510-D1E15B84E47D3,SYN-202510-P1E15B84E47D3,2025-10-02 17:54:50,Search Network,Search Android E,Campaign-level,Android,APAC,False,active,True,,1,2.0,0.0,0.0,1.0,0.0,0.0,0.0,1,0,0,0,0,0,0,0
2025-10,SYN-202510-D27BB228CF8FF,SYN-202510-P27BB228CF8FF,2025-10-02 17:59:03,Game Network,Game Android C,Concept 31,Android,Western Europe,False,active,False,network_flag,0,0.0,0.0,0.0,0.0,0.0,0.0,0.0,1,0,0,0,0,0,0,0
2025-10,SYN-202510-D0B3855D746A9,SYN-202510-P0B3855D746A9,2025-10-02 18:22:14,Game Network,Game iOS B,Concept 26,iOS,Western Europe,False,active,True,,1,2.0,10.0,2.0,1.0,0.091,0.0,0.091,1,0,0,0,0,0,0,0
2025-10,SYN-202510-DF35BDF359F8E,SYN-202510-PF35BDF359F8E,2025-10-02 18:30:09,Game Network,Game iOS B,Concept 25,iOS,Western Europe,False,active,True,,1,2.0,13.0,2.0,1.0,0.1176,0.0,0.1176,1,0,0,0,0,0,0,0
2025-10,SYN-202510-DFDDF236D1F62,SYN-202510-PFDDF236D1F62,2025-10-02 18:34:16,Search Network,Search Android E,Campaign-level,Android,APAC,False,active,True,,1,2.0,13.0,0.0,1.0,0.0,0.0,0.0,1,0,0,0,0,0,0,0
2025-10,SYN-202510-D7AD9D30EE94E,SYN-202510-P7AD9D30EE94E,2025-10-02 18:34:43,Search Network,Search Android E,Campaign-level,Android,Western Europe,False,active,False,,0,0.0,0.0,0.0,0.0,0.0,0.0,0.0,1,0,0,0,0,0,0,0
2025-10,SYN-202510-D1BDEB5A1102D,SYN-202510-P1BDEB5A1102D,2025-10-02 18:40:37,Social Network,Social iOS C,Concept 04,iOS,North America,False,active,True,,1,5.0,53.0,16.0,2.0,0.3376,0.0,0.3376,1,1,0,0,0,0,0,0
2025-10,SYN-202510-D4614514762A7,SYN-202510-P4614514762A7,2025-10-02 18:51:08,Search Network,Search Android E,Campaign-level,Android,Western Europe,False,active,True,,1,8.0,80.0,53.0,2.0,0.058300000000000005,0.0,0.058300000000000005,1,1,0,0,0,0,0,0
2025-10,SYN-202510-DA054C1F819E3,SYN-202510-PA054C1F819E3,2025-10-02 19:12:09,Game Network,Game Android C,Concept 30,Android,Western Europe,False,active,True,,1,5.0,4.0,0.0,1.0,0.0,0.0,0.0,1,0,0,0,0,0,0,0
2025-10,SYN-202510-D8820C9D5039B,SYN-202510-P8820C9D5039B,2025-10-02 19:16:23,Search Network,Search Android E,Campaign-level,Android,North America,False,active,False,,0,0.0,0.0,0.0,0.0,0.0,0.0,0.0,1,0,0,0,0,0,0,0
2025-10,SYN-202510-D293567C932A5,SYN-202510-P293567C932A5,2025-10-02 19:23:23,Search Network,Search Android E,Campaign-level,Android,APAC,False,active,True,,1,24.0,34.0,14.0,3.0,0.047599999999999996,0.0,0.047599999999999996,1,0,0,0,0,0,0,0
2025-10,SYN-202510-D100C8E79FCE7,SYN-202510-P100C8E79FCE7,2025-10-02 19:23:55,Game Network,Game Android C,Concept 31,Android,North America,False,active,True,,1,8.0,40.0,18.0,1.0,0.014400000000000001,0.0,0.014400000000000001,1,0,0,0,0,0,0,0
2025-10,SYN-202510-DCF2A3C87A0E5,SYN-202510-PCF2A3C87A0E5,2025-10-02 19:34:57,Game Network,Game Android C,Concept 31,Android,North America,False,active,True,,1,1.0,2.0,0.0,1.0,0.0,0.0,0.0,1,0,0,0,0,0,0,0
2025-10,SYN-202510-D818C07C5DD58,SYN-202510-P818C07C5DD58,2025-10-02 19:36:56,Social Network,Social iOS C,Concept 02,iOS,LATAM,False,active,False,,0,0.0,0.0,0.0,0.0,0.0,0.0,0.0,1,0,0,0,0,0,0,0
2025-10,SYN-202510-D4F47B04733CC,SYN-202510-P4F47B04733CC,2025-10-02 19:46:05,Game Network,Game iOS B,Concept 24,iOS,APAC,False,active,True,,1,2.0,18.0,5.0,2.0,0.1175,0.0,0.1175,1,1,0,0,0,0,0,0
2025-10,SYN-202510-D5C51E0ED3137,SYN-202510-P5C51E0ED3137,2025-10-02 20:01:12,Social Network,Social iOS C,Concept 04,iOS,North America,False,active,True,,1,4.0,10.0,3.0,1.0,0.3468,0.0,0.3468,1,0,0,0,0,0,0,0
2025-10,SYN-202510-D9A4DB8DAE6F0,SYN-202510-P9A4DB8DAE6F0,2025-10-02 20:01:20,Search Network,Search Android E,Campaign-level,Android,Western Europe,False,active,True,,1,3.0,15.0,0.0,2.0,0.0,0.0,0.0,1,1,0,0,0,0,0,0
2025-10,SYN-202510-DCE52080D31FE,SYN-202510-PCE52080D31FE,2025-10-02 20:09:07,Game Network,Game Android C,Concept 31,Android,APAC,False,active,True,,1,1.0,5.0,0.0,1.0,0.0,0.0,0.0,1,0,0,0,0,0,0,0
2025-10,SYN-202510-DAACAC65FDEBE,SYN-202510-PAACAC65FDEBE,2025-10-02 20:13:36,Search Network,Search Android E,Campaign-level,Android,APAC,False,active,True,,1,4.0,20.0,5.0,2.0,0.05499999999999999,0.0,0.05499999999999999,1,1,0,0,0,0,0,0
2025-10,SYN-202510-D7C1B839B7DF6,SYN-202510-P7C1B839B7DF6,2025-10-02 20:29:37,Game Network,Game Android C,Concept 30,Android,Western Europe,False,active,False,network_flag,0,0.0,0.0,0.0,0.0,0.0,0.0,0.0,1,0,0,0,0,0,0,0
2025-10,SYN-202510-DEA86600B57CA,SYN-202510-PEA86600B57CA,2025-10-02 20:49:06,Search Network,Search Android E,Campaign-level,Android,Western Europe,False,active,True,,1,2.0,13.0,4.0,1.0,0.0844,0.0,0.0844,1,0,0,0,0,0,0,0
2025-10,SYN-202510-D93D4E9206BCD,SYN-202510-P93D4E9206BCD,2025-10-02 21:25:30,Game Network,Game iOS B,Concept 25,iOS,LATAM,False,active,True,,1,7.0,134.0,48.0,2.0,0.14400000000000002,0.0,0.14400000000000002,1,1,0,0,0,0,0,0
2025-10,SYN-202510-D3A876B61F246,SYN-202510-P3A876B61F246,2025-10-02 21:38:15,Game Network,Game iOS B,Concept 25,iOS,APAC,False,active,True,,1,5.0,29.0,4.0,1.0,0.1508,0.0,0.1508,1,0,0,0,0,0,0,0
2025-10,SYN-202510-D6A01C161D1BF,SYN-202510-P6A01C161D1BF,2025-10-02 21:38:47,Social Network,Social iOS C,Concept 06,iOS,North America,False,active,True,,1,1.0,2.0,0.0,1.0,0.0,0.0,0.0,1,0,0,0,0,0,0,0
2025-10,SYN-202510-DE91894B42D09,SYN-202510-PE91894B42D09,2025-10-02 21:45:04,Social Network,Social iOS C,Concept 05,iOS,APAC,False,active,True,,1,7.0,26.0,5.0,2.0,0.2265,0.0,0.2265,1,1,0,0,0,0,0,0
2025-10,SYN-202510-D4CE362EC52C3,SYN-202510-P4CE362EC52C3,2025-10-02 21:57:23,Social Network,Social iOS C,Concept 03,iOS,North America,False,active,True,,1,2.0,4.0,0.0,1.0,0.0,1.99,1.99,1,0,0,0,0,0,0,0
2025-10,SYN-202510-D73CCD874A103,SYN-202510-P73CCD874A103,2025-10-02 21:58:04,Game Network,Game iOS A,Concept 23,iOS,Western Europe,False,active,True,,1,4.0,20.0,4.0,1.0,0.1944,0.0,0.1944,1,0,0,0,0,0,0,0
2025-10,SYN-202510-DC9E14E8A17C0,SYN-202510-PC9E14E8A17C0,2025-10-02 22:16:23,Social Network,Social iOS C,Concept 04,iOS,Western Europe,False,active,True,,1,2.0,9.0,0.0,1.0,0.0,0.0,0.0,1,0,0,0,0,0,0,0
2025-10,SYN-202510-DA1FE14FE5693,SYN-202510-PA1FE14FE5693,2025-10-02 22:18:51,Game Network,Game Android C,Concept 31,Android,LATAM,False,active,False,,0,0.0,0.0,0.0,0.0,0.0,0.0,0.0,1,0,0,0,0,0,0,0
2025-10,SYN-202510-DB7E5E9DC05A8,SYN-202510-PB7E5E9DC05A8,2025-10-02 22:47:49,Game Network,Game iOS A,Concept 23,iOS,Western Europe,False,active,True,,1,1.0,14.0,11.0,2.0,0.363,0.0,0.363,1,0,0,0,0,0,0,0
2025-10,SYN-202510-DF3B1798D0F68,SYN-202510-PF3B1798D0F68,2025-10-02 23:09:55,Search Network,Search Android E,Campaign-level,Android,Western Europe,False,active,True,,1,1.0,5.0,0.0,2.0,0.0,0.0,0.0,1,0,0,0,0,0,0,0
2025-10,SYN-202510-DDFB51072F4D6,SYN-202510-PDFB51072F4D6,2025-10-02 23:15:51,Search Network,Search Android E,Campaign-level,Android,North America,False,active,True,,1,3.0,5.0,0.0,3.0,0.0,0.0,0.0,1,0,0,0,0,0,0,0
2025-10,SYN-202510-D5797993F4B47,SYN-202510-P5797993F4B47,2025-10-02 23:26:19,Game Network,Game iOS A,Concept 23,iOS,APAC,False,active,True,,1,1.0,5.0,1.0,2.0,0.3574,0.0,0.3574,1,0,0,0,0,0,0,0
2025-10,SYN-202510-DBD970CB83BEC,SYN-202510-PBD970CB83BEC,2025-10-02 23:27:02,Game Network,Game Android C,Concept 31,Android,APAC,False,active,True,,1,6.0,20.0,7.0,3.0,0.0126,0.0,0.0126,1,1,0,0,0,0,0,0
2025-10,SYN-202510-D71D088094D08,SYN-202510-P71D088094D08,2025-10-02 23:29:14,Game Network,Game Android C,Concept 31,Android,APAC,False,active,True,network_flag;device_pattern,1,3.0,0.0,0.0,2.0,0.0,0.0,0.0,1,1,0,0,0,0,0,0
2025-10,SYN-202510-D5AC050DF656B,SYN-202510-P5AC050DF656B,2025-10-02 23:41:01,Game Network,Game iOS A,Concept 23,iOS,LATAM,False,active,True,,1,1.0,8.0,0.0,2.0,0.0,0.0,0.0,1,0,0,0,0,0,0,0
2025-10,SYN-202510-D4F986E662824,SYN-202510-P4F986E662824,2025-10-03 00:36:18,Game Network,Game Android C,Concept 31,Android,LATAM,False,active,True,,1,1.0,5.0,0.0,1.0,0.0,0.0,0.0,1,0,0,0,0,0,0,0
2025-10,SYN-202510-DEF63001F6760,SYN-202510-PEF63001F6760,2025-10-03 00:59:46,Search Network,Search Android B,Campaign-level,Android,APAC,False,stopped,True,,1,2.0,10.0,0.0,1.0,0.0,0.0,0.0,1,0,0,0,0,0,0,0
2025-10,SYN-202510-D1A0D2DA7D987,SYN-202510-P1A0D2DA7D987,2025-10-03 01:11:03,Search Network,Search Android E,Campaign-level,Android,North America,False,active,True,,1,5.0,1.0,0.0,1.0,0.0,0.0,0.0,1,0,0,0,0,0,0,0
2025-10,SYN-202510-D148AEED0F829,SYN-202510-P148AEED0F829,2025-10-03 01:11:46,Game Network,Game Android C,Concept 30,Android,North America,False,active,True,,1,4.0,18.0,6.0,2.0,0.0288,0.0,0.0288,1,1,0,0,0,0,0,0
2025-10,SYN-202510-D1638E0E3F530,SYN-202510-P1638E0E3F530,2025-10-03 01:23:48,Game Network,Game iOS A,Concept 23,iOS,LATAM,False,active,True,,1,1.0,9.0,0.0,1.0,0.0,0.0,0.0,1,0,0,0,0,0,0,0
2025-10,SYN-202510-DCD116610839D,SYN-202510-PCD116610839D,2025-10-03 01:36:47,Game Network,Game iOS B,Concept 24,iOS,APAC,False,active,True,,1,7.0,17.0,7.0,2.0,0.2352,0.0,0.2352,1,1,0,0,0,0,0,0
2025-10,SYN-202510-D636537B00474,SYN-202510-P636537B00474,2025-10-03 01:52:32,Search Network,Search Android E,Campaign-level,Android,North America,False,active,True,,1,3.0,2.0,0.0,1.0,0.0,0.0,0.0,1,0,0,0,0,0,0,0
2025-10,SYN-202510-DB28498937467,SYN-202510-PB28498937467,2025-10-03 02:20:01,Game Network,Game Android C,Concept 32,Android,North America,False,active,True,,1,3.0,4.0,3.0,2.0,0.013499999999999998,0.0,0.013499999999999998,1,1,0,0,0,0,0,0
2025-10,SYN-202510-DF44CEF7488CE,SYN-202510-PF44CEF7488CE,2025-10-03 02:41:58,Game Network,Game Android C,Concept 30,Android,Western Europe,False,active,True,network_flag;device_pattern,1,1.0,0.0,0.0,1.0,0.0,0.0,0.0,1,0,0,0,0,0,0,0
2025-10,SYN-202510-D31CA5CEB73B8,SYN-202510-P31CA5CEB73B8,2025-10-03 02:56:33,Game Network,Game iOS A,Concept 23,iOS,Western Europe,False,active,True,,1,1.0,3.0,0.0,1.0,0.0,0.0,0.0,1,0,0,0,0,0,0,0
2025-10,SYN-202510-DB262515AD4E3,SYN-202510-PB262515AD4E3,2025-10-03 02:57:21,Social Network,Social iOS C,Concept 04,iOS,Western Europe,False,active,True,,1,2.0,7.0,0.0,2.0,0.0,0.0,0.0,1,0,0,0,0,0,0,0
2025-10,SYN-202510-D816EA7918124,SYN-202510-P816EA7918124,2025-10-03 03:08:48,Game Network,Game iOS A,Concept 23,iOS,LATAM,False,active,True,,1,3.0,21.0,4.0,2.0,0.2492,0.0,0.2492,1,1,0,0,0,0,0,0
2025-10,SYN-202510-D1FFFAC12B5F5,SYN-202510-P1FFFAC12B5F5,2025-10-03 03:14:50,Search Network,Search Android E,Campaign-level,Android,North America,False,active,True,,1,2.0,14.0,1.0,1.0,0.0733,0.0,0.0733,1,0,0,0,0,0,0,0
2025-10,SYN-202510-D68150D173A91,SYN-202510-P68150D173A91,2025-10-03 03:45:14,Game Network,Game iOS A,Concept 23,iOS,Western Europe,False,active,True,,1,1.0,16.0,2.0,1.0,0.2878,0.0,0.2878,1,0,0,0,0,0,0,0
2025-10,SYN-202510-D8E2F0F963B69,SYN-202510-P8E2F0F963B69,2025-10-03 03:55:35,Search Network,Search Android E,Campaign-level,Android,Western Europe,False,active,True,,1,1.0,0.0,0.0,1.0,0.0,0.0,0.0,1,0,0,0,0,0,0,0
2025-10,SYN-202510-D9CB9BF1EA7B0,SYN-202510-P9CB9BF1EA7B0,2025-10-03 03:59:53,Store Search,Store iOS A,Campaign-level,iOS,North America,False,active,True,,1,6.0,53.0,16.0,2.0,1.1472,0.0,1.1472,1,1,0,0,0,0,0,0
2025-10,SYN-202510-DD19A417C8AD8,SYN-202510-PD19A417C8AD8,2025-10-03 04:46:13,Game Network,Game Android C,Concept 30,Android,APAC,False,active,True,network_flag;device_pattern,1,2.0,0.0,1.0,2.0,0.0283,0.0,0.0283,1,1,0,0,0,0,0,0
2025-10,SYN-202510-DE9745B9BA1EA,SYN-202510-PE9745B9BA1EA,2025-10-03 05:14:19,Game Network,Game iOS A,Concept 23,iOS,Western Europe,False,active,True,,1,2.0,3.0,0.0,1.0,0.0,0.0,0.0,1,0,0,0,0,0,0,0
2025-10,SYN-202510-DE4757970F6D3,SYN-202510-PE4757970F6D3,2025-10-03 06:41:24,Game Network,Game iOS B,Concept 27,iOS,APAC,False,active,True,,1,6.0,9.0,8.0,2.0,0.1392,0.0,0.1392,1,1,0,0,0,0,0,0
2025-10,SYN-202510-D373474B27C08,SYN-202510-P373474B27C08,2025-10-03 10:13:00,Game Network,Game Android C,Concept 32,Android,North America,False,active,False,,0,0.0,0.0,0.0,0.0,0.0,0.0,0.0,1,0,0,0,0,0,0,0
2025-10,SYN-202510-D20C1AB5181D1,SYN-202510-P20C1AB5181D1,2025-10-03 10:59:55,Social Network,Social iOS C,Concept 04,iOS,Western Europe,False,active,True,,1,6.0,25.0,4.0,2.0,0.3652,0.0,0.3652,1,1,0,0,0,0,0,0
2025-10,SYN-202510-D4BAFDACE030D,SYN-202510-P4BAFDACE030D,2025-10-03 11:23:04,Game Network,Game iOS B,Concept 24,iOS,APAC,False,active,True,,1,4.0,55.0,8.0,2.0,0.104,0.0,0.104,1,1,0,0,0,0,0,0
2025-10,SYN-202510-DB781948D3F02,SYN-202510-PB781948D3F02,2025-10-03 12:47:54,Game Network,Game Android C,Concept 30,Android,Western Europe,False,active,True,,1,3.0,46.0,32.0,1.0,0.0128,0.0,0.0128,1,0,0,0,0,0,0,0
2025-10,SYN-202510-DA9E25EFBD2C9,SYN-202510-PA9E25EFBD2C9,2025-10-03 14:00:57,Game Network,Game iOS A,Concept 23,iOS,LATAM,False,active,True,,1,2.0,9.0,0.0,1.0,0.0,0.0,0.0,1,0,0,0,0,0,0,0
2025-10,SYN-202510-D9C1E770C7A10,SYN-202510-P9C1E770C7A10,2025-10-03 14:07:17,Game Network,Game iOS B,Concept 24,iOS,Western Europe,False,active,True,,1,1.0,5.0,0.0,1.0,0.0,0.0,0.0,1,0,0,0,0,0,0,0
2025-10,SYN-202510-D796E01C6683D,SYN-202510-P796E01C6683D,2025-10-03 14:09:13,Search Network,Search Android A,Campaign-level,Android,LATAM,False,active,True,,1,1.0,1.0,1.0,1.0,1.4351,0.0,1.4351,1,0,0,0,0,0,0,0
2025-10,SYN-202510-DCD73CC5CC1C8,SYN-202510-PCD73CC5CC1C8,2025-10-03 15:43:48,Game Network,Game iOS A,Concept 23,iOS,North America,False,active,True,,1,1.0,5.0,1.0,2.0,0.2788,0.0,0.2788,1,0,0,0,0,0,0,0
2025-10,SYN-202510-D8D70719D5D7C,SYN-202510-P8D70719D5D7C,2025-10-03 16:03:06,Social Network,Social iOS C,Concept 01,iOS,Western Europe,False,active,True,,1,1.0,9.0,0.0,1.0,0.0,0.0,0.0,1,0,0,0,0,0,0,0
2025-10,SYN-202510-D9A0FEDCF2B68,SYN-202510-P9A0FEDCF2B68,2025-10-03 16:42:10,Game Network,Game iOS B,Concept 136,iOS,APAC,False,active,True,,1,1.0,8.0,1.0,1.0,0.1349,0.0,0.1349,1,0,0,0,0,0,0,0
2025-10,SYN-202510-DD3D16FD20D86,SYN-202510-PD3D16FD20D86,2025-10-03 16:59:37,Game Network,Game iOS A,Concept 23,iOS,North America,False,active,True,,1,2.0,10.0,2.0,1.0,0.418,0.0,0.418,1,0,0,0,0,0,0,0
2025-10,SYN-202510-D5AB0F0E106F3,SYN-202510-P5AB0F0E106F3,2025-10-03 17:10:30,Search Network,Search Android E,Campaign-level,Android,APAC,False,active,False,,0,0.0,0.0,0.0,0.0,0.0,0.0,0.0,1,0,0,0,0,0,0,0
2025-10,SYN-202510-DD076E90174EE,SYN-202510-PD076E90174EE,2025-10-03 17:46:34,Social Network,Social iOS C,Concept 02,iOS,Western Europe,False,active,True,,1,3.0,5.0,1.0,2.0,0.245,0.0,0.245,1,1,0,0,0,0,0,0
2025-10,SYN-202510-DB2594FAE7659,SYN-202510-PB2594FAE7659,2025-10-03 17:53:32,Game Network,Game iOS A,Concept 23,iOS,LATAM,False,active,True,,1,2.0,31.0,1.0,1.0,0.1217,0.0,0.1217,1,0,0,0,0,0,0,0
2025-10,SYN-202510-DE26048BECB70,SYN-202510-PE26048BECB70,2025-10-03 17:55:37,Social Network,Social iOS C,Concept 02,iOS,APAC,False,active,True,,1,1.0,5.0,0.0,1.0,0.0,0.0,0.0,1,0,0,0,0,0,0,0
2025-10,SYN-202510-D7D4E98C8E5CD,SYN-202510-P7D4E98C8E5CD,2025-10-03 19:29:40,Game Network,Game Android C,Concept 31,Android,Western Europe,False,active,True,,1,1.0,0.0,0.0,1.0,0.0,0.0,0.0,1,0,0,0,0,0,0,0
2025-10,SYN-202510-D347EEE2F8E33,SYN-202510-P347EEE2F8E33,2025-10-03 20:04:10,Game Network,Game iOS A,Concept 23,iOS,Western Europe,False,active,True,,1,3.0,5.0,0.0,1.0,0.0,0.0,0.0,1,0,0,0,0,0,0,0
2025-10,SYN-202510-DE9A75A63ED7E,SYN-202510-PE9A75A63ED7E,2025-10-03 20:16:20,Game Network,Game iOS A,Concept 20,iOS,APAC,False,active,True,,1,1.0,4.0,0.0,1.0,0.0,0.0,0.0,1,0,0,0,0,0,0,0
2025-10,SYN-202510-D97BBD87F3F67,SYN-202510-P97BBD87F3F67,2025-10-03 20:22:36,Search Network,Search Android E,Campaign-level,Android,North America,False,active,True,,1,1.0,11.0,0.0,1.0,0.0,0.0,0.0,1,0,0,0,0,0,0,0
2025-10,SYN-202510-D59D753113781,SYN-202510-P59D753113781,2025-10-03 20:27:03,Search Network,Search Android E,Campaign-level,Android,North America,False,active,True,,1,4.0,2.0,0.0,1.0,0.0,0.0,0.0,1,0,0,0,0,0,0,0
2025-10,SYN-202510-D66BCA87E2FA7,SYN-202510-P66BCA87E2FA7,2025-10-03 20:59:04,Game Network,Game iOS A,Concept 23,iOS,Western Europe,False,active,True,,1,10.0,20.0,8.0,3.0,0.5224,0.0,0.5224,1,1,0,0,0,0,0,0
2025-10,SYN-202510-DE1313349D3DA,SYN-202510-PE1313349D3DA,2025-10-03 21:05:47,Game Network,Game Android C,Concept 31,Android,APAC,False,active,False,,0,0.0,0.0,0.0,0.0,0.0,0.0,0.0,1,0,0,0,0,0,0,0
2025-10,SYN-202510-D8604D8A901F9,SYN-202510-P8604D8A901F9,2025-10-03 22:12:19,Game Network,Game iOS B,Concept 24,iOS,North America,False,active,False,,0,0.0,0.0,0.0,0.0,0.0,0.0,0.0,1,0,0,0,0,0,0,0
2025-10,SYN-202510-DC955F36323D7,SYN-202510-PC955F36323D7,2025-10-03 22:12:27,Search Network,Search Android A,Campaign-level,Android,North America,False,active,True,,1,2.0,4.0,0.0,1.0,0.0,0.0,0.0,1,0,0,0,0,0,0,0
2025-10,SYN-202510-DAAA606972ECC,SYN-202510-PAAA606972ECC,2025-10-03 22:26:12,Game Network,Game Android C,Concept 31,Android,North America,False,active,False,,0,0.0,0.0,0.0,0.0,0.0,0.0,0.0,1,0,0,0,0,0,0,0
2025-10,SYN-202510-DF5579178CEC3,SYN-202510-PF5579178CEC3,2025-10-03 22:50:14,Search Network,Search Android E,Campaign-level,Android,North America,False,active,True,,1,11.0,20.0,3.0,2.0,0.11159999999999999,0.0,0.11159999999999999,1,0,0,0,0,0,0,0
2025-10,SYN-202510-D3EA30B035B3E,SYN-202510-P3EA30B035B3E,2025-10-03 23:00:17,Social Network,Social iOS C,Concept 04,iOS,North America,False,active,True,,1,1.0,14.0,3.0,2.0,0.18359999999999999,0.0,0.18359999999999999,1,0,0,0,0,0,0,0
2025-10,SYN-202510-D2F84F71FC082,SYN-202510-P2F84F71FC082,2025-10-03 23:00:21,Social Network,Social iOS B,Concept 33,iOS,LATAM,False,stopped,True,,1,1.0,5.0,0.0,1.0,0.0,0.0,0.0,1,0,0,0,0,0,0,0
2025-10,SYN-202510-DC2C479D5FC0D,SYN-202510-PC2C479D5FC0D,2025-10-03 23:02:32,Game Network,Game Android C,Concept 30,Android,North America,False,active,True,,1,1.0,6.0,0.0,2.0,0.0,0.0,0.0,1,0,0,0,0,0,0,0
2025-10,SYN-202510-DBB5AFF4B8EE3,SYN-202510-PBB5AFF4B8EE3,2025-10-03 23:05:09,Game Network,Game Android C,Concept 31,Android,North America,False,active,True,device_pattern,1,4.0,0.0,0.0,2.0,0.0,0.0,0.0,1,1,0,0,0,0,0,0
2025-10,SYN-202510-DCC441A95F86D,SYN-202510-PCC441A95F86D,2025-10-03 23:05:11,Social Network,Social iOS C,Concept 03,iOS,APAC,False,active,True,,1,1.0,5.0,0.0,2.0,0.0,0.0,0.0,1,0,0,0,0,0,0,0
2025-10,SYN-202510-D7294E08EA2AD,SYN-202510-P7294E08EA2AD,2025-10-03 23:36:35,Social Network,Social iOS C,Concept 05,iOS,Western Europe,False,active,True,,1,8.0,90.0,16.0,2.0,0.2592,0.0,0.2592,1,0,0,0,0,0,0,0
2025-10,SYN-202510-D9FD8A1E200C6,SYN-202510-P9FD8A1E200C6,2025-10-03 23:43:57,Game Network,Game Android C,Concept 30,Android,APAC,False,active,True,,1,2.0,3.0,0.0,2.0,0.0,0.0,0.0,1,0,0,0,0,0,0,0
2025-10,SYN-202510-DE2FD8AF70D4A,SYN-202510-PE2FD8AF70D4A,2025-10-03 23:59:22,Game Network,Game iOS A,Concept 23,iOS,APAC,False,active,True,,1,4.0,26.0,5.0,1.0,0.322,0.0,0.322,1,1,0,0,0,0,0,0
2025-10,SYN-202510-D4E6CCA722A65,SYN-202510-P4E6CCA722A65,2025-10-04 00:00:18,Game Network,Game Android C,Concept 30,Android,Western Europe,False,active,True,,1,6.0,7.0,0.0,3.0,0.0,0.0,0.0,1,1,0,0,0,0,0,0
2025-10,SYN-202510-DFD3847CC2CB6,SYN-202510-PFD3847CC2CB6,2025-10-04 00:15:20,Search Network,Search Android E,Campaign-level,Android,Western Europe,False,active,True,,1,6.0,20.0,5.0,1.0,0.0425,0.0,0.0425,1,0,0,0,0,0,0,0
2025-10,SYN-202510-DC98654952AF1,SYN-202510-PC98654952AF1,2025-10-04 01:15:39,Game Network,Game iOS A,Concept 23,iOS,LATAM,False,active,True,,1,4.0,20.0,6.0,2.0,0.2568,0.0,0.2568,1,1,0,0,0,0,0,0
2025-10,SYN-202510-D9C04A5C73D3D,SYN-202510-P9C04A5C73D3D,2025-10-04 01:18:19,Game Network,Game iOS B,Concept 27,iOS,Western Europe,False,active,True,,1,2.0,14.0,2.0,2.0,0.1206,0.0,0.1206,1,1,0,0,0,0,0,0
2025-10,SYN-202510-D5C93CB52AEB8,SYN-202510-P5C93CB52AEB8,2025-10-04 01:26:19,Game Network,Game Android C,Concept 30,Android,North America,False,active,True,,1,2.0,8.0,0.0,1.0,0.0,0.0,0.0,1,0,0,0,0,0,0,0
2025-10,SYN-202510-D4593F20898F2,SYN-202510-P4593F20898F2,2025-10-04 01:43:21,Game Network,Game Android C,Concept 30,Android,APAC,False,active,True,,1,1.0,3.0,0.0,1.0,0.0,0.0,0.0,1,0,0,0,0,0,0,0
2025-10,SYN-202510-DEC03CC8860EC,SYN-202510-PEC03CC8860EC,2025-10-04 02:18:44,Game Network,Game Android C,Concept 30,Android,APAC,False,active,False,,0,0.0,0.0,0.0,0.0,0.0,0.0,0.0,1,0,0,0,0,0,0,0
2025-10,SYN-202510-D694ED62CB178,SYN-202510-P694ED62CB178,2025-10-04 02:31:56,Game Network,Game Android C,Concept 30,Android,North America,False,active,False,,0,0.0,0.0,0.0,0.0,0.0,0.0,0.0,1,0,0,0,0,0,0,0
2025-10,SYN-202510-DACF89FBAD12E,SYN-202510-PACF89FBAD12E,2025-10-04 03:01:06,Game Network,Game Android C,Concept 31,Android,Western Europe,False,active,False,,0,0.0,0.0,0.0,0.0,0.0,0.0,0.0,1,0,0,0,0,0,0,0
2025-10,SYN-202510-D513E71A968CB,SYN-202510-P513E71A968CB,2025-10-04 03:21:43,Game Network,Game Android C,Concept 32,Android,APAC,False,active,False,,0,0.0,0.0,0.0,0.0,0.0,0.0,0.0,1,0,0,0,0,0,0,0
2025-10,SYN-202510-D9B602B2719B0,SYN-202510-P9B602B2719B0,2025-10-04 03:24:04,Game Network,Game Android C,Concept 30,Android,APAC,False,active,False,,0,0.0,0.0,0.0,0.0,0.0,0.0,0.0,1,0,0,0,0,0,0,0
2025-10,SYN-202510-D7CBDD86DE092,SYN-202510-P7CBDD86DE092,2025-10-04 03:35:39,Search Network,Search Android E,Campaign-level,Android,North America,False,active,True,,1,1.0,9.0,2.0,1.0,0.0624,0.0,0.0624,1,0,0,0,0,0,0,0
2025-10,SYN-202510-D7D952A0B5570,SYN-202510-P7D952A0B5570,2025-10-04 03:58:05,Game Network,Game Android C,Concept 31,Android,Western Europe,False,active,True,,1,2.0,12.0,1.0,1.0,0.0156,0.0,0.0156,1,0,0,0,0,0,0,0
2025-10,SYN-202510-D2B9CF36F00F6,SYN-202510-P2B9CF36F00F6,2025-10-04 04:07:57,Game Network,Game iOS A,Concept 23,iOS,North America,False,active,True,,1,2.0,11.0,0.0,1.0,0.0,0.0,0.0,1,0,0,0,0,0,0,0
2025-10,SYN-202510-D5DADFE9F340E,SYN-202510-P5DADFE9F340E,2025-10-04 04:18:02,Search Network,Search Android E,Campaign-level,Android,North America,False,active,True,,1,2.0,9.0,4.0,1.0,0.052,0.0,0.052,1,0,0,0,0,0,0,0
2025-10,SYN-202510-D80AA4A161BFE,SYN-202510-P80AA4A161BFE,2025-10-04 04:18:17,Search Network,Search Android E,Campaign-level,Android,North America,False,active,True,,1,1.0,1.0,0.0,1.0,0.0,0.0,0.0,1,0,0,0,0,0,0,0
2025-10,SYN-202510-D536AD1235B97,SYN-202510-P536AD1235B97,2025-10-04 04:20:32,Game Network,Game Android C,Concept 30,Android,North America,False,active,True,,1,1.0,4.0,1.0,1.0,0.0304,0.0,0.0304,1,0,0,0,0,0,0,0
2025-10,SYN-202510-D0E9AE87248A3,SYN-202510-P0E9AE87248A3,2025-10-04 04:48:22,Social Network,Social iOS C,Concept 05,iOS,APAC,False,active,True,,1,38.0,45.0,36.0,2.0,0.216,0.0,0.216,0,0,0,0,0,0,0,0
2025-10,SYN-202510-D74AEBF317320,SYN-202510-P74AEBF317320,2025-10-04 05:07:26,Game Network,Game Android C,Concept 30,Android,APAC,False,active,False,,0,0.0,0.0,0.0,0.0,0.0,0.0,0.0,0,0,0,0,0,0,0,0
2025-10,SYN-202510-D240DFB626358,SYN-202510-P240DFB626358,2025-10-04 05:22:31,Game Network,Game Android C,Concept 32,Android,North America,False,active,True,,1,1.0,10.0,0.0,1.0,0.0,0.0,0.0,0,0,0,0,0,0,0,0
2025-10,SYN-202510-DA0FE78A7A58E,SYN-202510-PA0FE78A7A58E,2025-10-04 05:34:31,Game Network,Game iOS A,Concept 21,iOS,APAC,False,active,True,,1,3.0,26.0,5.0,2.0,0.27449999999999997,0.0,0.27449999999999997,0,0,0,0,0,0,0,0
2025-10,SYN-202510-D9D9030418704,SYN-202510-P9D9030418704,2025-10-04 05:39:29,Game Network,Game Android C,Concept 30,Android,Western Europe,False,active,False,,0,0.0,0.0,0.0,0.0,0.0,0.0,0.0,0,0,0,0,0,0,0,0
2025-10,SYN-202510-D01C5605B78EF,SYN-202510-P01C5605B78EF,2025-10-04 06:03:11,Game Network,Game Android C,Concept 31,Android,APAC,False,active,False,,0,0.0,0.0,0.0,0.0,0.0,0.0,0.0,0,0,0,0,0,0,0,0
2025-10,SYN-202510-D38AE4423E29D,SYN-202510-P38AE4423E29D,2025-10-04 06:48:54,Game Network,Game iOS B,Concept 25,iOS,APAC,False,active,True,,1,1.0,31.0,4.0,2.0,0.0912,0.0,0.0912,0,0,0,0,0,0,0,0
2025-10,SYN-202510-D22A5D78815E5,SYN-202510-P22A5D78815E5,2025-10-04 07:11:17,Game Network,Game Android C,Concept 30,Android,North America,False,active,False,,0,0.0,0.0,0.0,0.0,0.0,0.0,0.0,0,0,0,0,0,0,0,0
2025-10,SYN-202510-D8428F0283FDF,SYN-202510-P8428F0283FDF,2025-10-04 07:14:57,Game Network,Game iOS A,Concept 23,iOS,North America,False,active,True,,1,3.0,10.0,1.0,1.0,0.3325,0.0,0.3325,0,0,0,0,0,0,0,0
2025-10,SYN-202510-D1CE06C92D15B,SYN-202510-P1CE06C92D15B,2025-10-04 07:25:32,Game Network,Game iOS A,Concept 20,iOS,LATAM,False,active,True,,1,8.0,21.0,5.0,1.0,0.4345,0.0,0.4345,0,0,0,0,0,0,0,0
2025-10,SYN-202510-DF1B014620B7E,SYN-202510-PF1B014620B7E,2025-10-04 07:43:43,Search Network,Search Android E,Campaign-level,Android,Western Europe,False,active,True,,1,2.0,1.0,0.0,1.0,0.0,0.0,0.0,0,0,0,0,0,0,0,0
2025-10,SYN-202510-DD6123A4DF2E9,SYN-202510-PD6123A4DF2E9,2025-10-04 09:03:16,Game Network,Game Android C,Concept 32,Android,Western Europe,False,active,False,,0,0.0,0.0,0.0,0.0,0.0,0.0,0.0,0,0,0,0,0,0,0,0
2025-10,SYN-202510-DA3E289B66A85,SYN-202510-PA3E289B66A85,2025-10-04 09:13:07,Search Network,Search Android E,Campaign-level,Android,Western Europe,False,active,True,,1,1.0,2.0,0.0,1.0,0.0,0.0,0.0,0,0,0,0,0,0,0,0
2025-10,SYN-202510-D5BAD2A72B618,SYN-202510-P5BAD2A72B618,2025-10-04 11:05:56,Search Network,Search Android E,Campaign-level,Android,APAC,False,active,False,,0,0.0,0.0,0.0,0.0,0.0,0.0,0.0,0,0,0,0,0,0,0,0
2025-10,SYN-202510-D132595DB4699,SYN-202510-P132595DB4699,2025-10-04 11:26:23,Game Network,Game iOS B,Concept 136,iOS,Western Europe,False,active,True,,1,5.0,70.0,16.0,2.0,0.1648,0.0,0.1648,0,0,0,0,0,0,0,0
2025-10,SYN-202510-D3BD2A5B0E3CC,SYN-202510-P3BD2A5B0E3CC,2025-10-04 11:54:23,Game Network,Game iOS B,Concept 25,iOS,LATAM,False,active,True,,1,2.0,8.0,1.0,1.0,0.0688,0.0,0.0688,0,0,0,0,0,0,0,0
2025-10,SYN-202510-DB4992425DD0E,SYN-202510-PB4992425DD0E,2025-10-04 12:33:20,Game Network,Game Android C,Concept 32,Android,APAC,False,active,False,,0,0.0,0.0,0.0,0.0,0.0,0.0,0.0,0,0,0,0,0,0,0,0
2025-10,SYN-202510-DC6EAD56651CE,SYN-202510-PC6EAD56651CE,2025-10-04 13:47:13,Social Network,Social iOS C,Concept 02,iOS,Western Europe,False,active,True,,1,5.0,10.0,1.0,1.0,0.1293,0.0,0.1293,0,0,0,0,0,0,0,0
2025-10,SYN-202510-D347A0C30DC39,SYN-202510-P347A0C30DC39,2025-10-04 14:30:07,Search Network,Search Android A,Campaign-level,Android,North America,False,active,True,,1,9.0,14.0,0.0,1.0,0.0,0.0,0.0,0,0,0,0,0,0,0,0
2025-10,SYN-202510-DA5E0A592993E,SYN-202510-PA5E0A592993E,2025-10-04 14:54:13,Game Network,Game Android C,Concept 32,Android,APAC,False,active,False,,0,0.0,0.0,0.0,0.0,0.0,0.0,0.0,0,0,0,0,0,0,0,0
2025-10,SYN-202510-DF6003FB9547A,SYN-202510-PF6003FB9547A,2025-10-04 15:05:35,Game Network,Game Android C,Concept 31,Android,Western Europe,False,active,True,device_pattern,1,2.0,0.0,0.0,1.0,0.0,0.0,0.0,0,0,0,0,0,0,0,0
2025-10,SYN-202510-DA7D5FA0DB5A4,SYN-202510-PA7D5FA0DB5A4,2025-10-04 15:07:37,Search Network,Search Android A,Campaign-level,Android,APAC,False,active,True,,1,4.0,17.0,4.0,2.0,0.358,0.0,0.358,0,0,0,0,0,0,0,0
2025-10,SYN-202510-DD356515A72D1,SYN-202510-PD356515A72D1,2025-10-04 15:10:31,Game Network,Game Android C,Concept 31,Android,North America,False,active,False,,0,0.0,0.0,0.0,0.0,0.0,0.0,0.0,0,0,0,0,0,0,0,0
2025-10,SYN-202510-DDA24B3122211,SYN-202510-PDA24B3122211,2025-10-04 15:29:17,Social Network,Social iOS C,Concept 04,iOS,APAC,False,active,True,,1,1.0,0.0,0.0,1.0,0.0,0.0,0.0,0,0,0,0,0,0,0,0
2025-10,SYN-202510-DD86488BBD699,SYN-202510-PD86488BBD699,2025-10-04 15:44:16,Search Network,Search Android A,Campaign-level,Android,Western Europe,False,active,True,,1,2.0,12.0,2.0,1.0,0.926,0.0,0.926,0,0,0,0,0,0,0,0
2025-10,SYN-202510-DBD4F0154B8D0,SYN-202510-PBD4F0154B8D0,2025-10-04 16:17:39,Search Network,Search Android A,Campaign-level,Android,Western Europe,False,active,True,,1,6.0,43.0,27.0,1.0,0.9963000000000001,0.0,0.9963000000000001,0,0,0,0,0,0,0,0
2025-10,SYN-202510-D6C3A5BF558FA,SYN-202510-P6C3A5BF558FA,2025-10-04 17:18:19,Game Network,Game Android C,Concept 31,Android,LATAM,False,active,True,device_pattern,1,1.0,0.0,0.0,1.0,0.0,0.0,0.0,0,0,0,0,0,0,0,0
2025-10,SYN-202510-D56B0B3FF0573,SYN-202510-P56B0B3FF0573,2025-10-04 17:29:47,Game Network,Game iOS A,Concept 23,iOS,LATAM,False,active,True,,1,1.0,8.0,0.0,1.0,0.0,0.0,0.0,0,0,0,0,0,0,0,0
2025-10,SYN-202510-D0ABBCEEB0D94,SYN-202510-P0ABBCEEB0D94,2025-10-04 17:46:36,Game Network,Game Android C,Concept 32,Android,North America,False,active,False,,0,0.0,0.0,0.0,0.0,0.0,0.0,0.0,0,0,0,0,0,0,0,0
2025-10,SYN-202510-D164A647570AC,SYN-202510-P164A647570AC,2025-10-04 17:57:02,Social Network,Social iOS C,Concept 04,iOS,North America,False,active,True,,1,2.0,8.0,0.0,1.0,0.0,0.0,0.0,0,0,0,0,0,0,0,0
2025-10,SYN-202510-D12919ECA3FD6,SYN-202510-P12919ECA3FD6,2025-10-04 18:16:34,Game Network,Game iOS B,Concept 24,iOS,North America,False,active,True,,1,8.0,26.0,10.0,2.0,0.10200000000000001,0.0,0.10200000000000001,0,0,0,0,0,0,0,0
2025-10,SYN-202510-D5AF529FAC531,SYN-202510-P5AF529FAC531,2025-10-04 18:33:19,Game Network,Game Android C,Concept 31,Android,North America,False,active,True,,1,2.0,3.0,1.0,1.0,0.0142,0.0,0.0142,0,0,0,0,0,0,0,0
2025-10,SYN-202510-DCF4186E6FF47,SYN-202510-PCF4186E6FF47,2025-10-04 18:39:00,Game Network,Game iOS B,Concept 136,iOS,LATAM,False,active,True,,1,2.0,0.0,1.0,1.0,0.2051,0.0,0.2051,0,0,0,0,0,0,0,0
2025-10,SYN-202510-DB3E4AB522DAF,SYN-202510-PB3E4AB522DAF,2025-10-04 18:46:18,Game Network,Game Android C,Concept 30,Android,Western Europe,False,active,False,,0,0.0,0.0,0.0,0.0,0.0,0.0,0.0,0,0,0,0,0,0,0,0
2025-10,SYN-202510-D9DEF1A58458A,SYN-202510-P9DEF1A58458A,2025-10-04 19:06:41,Game Network,Game iOS B,Concept 24,iOS,APAC,False,active,True,,1,1.0,14.0,0.0,1.0,0.0,0.0,0.0,0,0,0,0,0,0,0,0
2025-10,SYN-202510-D309F4A1F622A,SYN-202510-P309F4A1F622A,2025-10-04 19:27:01,Social Network,Social iOS C,Concept 03,iOS,North America,False,active,True,,1,1.0,3.0,0.0,1.0,0.0,0.0,0.0,0,0,0,0,0,0,0,0
2025-10,SYN-202510-D068BD0444071,SYN-202510-P068BD0444071,2025-10-04 20:05:19,Search Network,Search Android E,Campaign-level,Android,LATAM,False,active,True,,1,2.0,7.0,0.0,1.0,0.0,0.0,0.0,0,0,0,0,0,0,0,0
2025-10,SYN-202510-D827F56731AA2,SYN-202510-P827F56731AA2,2025-10-04 20:38:18,Game Network,Game iOS B,Concept 136,iOS,APAC,False,active,True,,1,3.0,26.0,2.0,1.0,0.133,0.0,0.133,0,0,0,0,0,0,0,0
2025-10,SYN-202510-D3488FFE835E0,SYN-202510-P3488FFE835E0,2025-10-04 20:44:55,Search Network,Search Android E,Campaign-level,Android,Western Europe,False,active,True,,1,5.0,26.0,5.0,2.0,0.0465,0.0,0.0465,0,0,0,0,0,0,0,0
2025-10,SYN-202510-D89D530156B42,SYN-202510-P89D530156B42,2025-10-04 20:53:04,Game Network,Game Android C,Concept 31,Android,APAC,False,active,False,,0,0.0,0.0,0.0,0.0,0.0,0.0,0.0,0,0,0,0,0,0,0,0
2025-10,SYN-202510-D0BB54F131497,SYN-202510-P0BB54F131497,2025-10-04 21:09:15,Game Network,Game iOS B,Concept 27,iOS,North America,False,active,True,,1,1.0,58.0,9.0,1.0,0.108,0.0,0.108,0,0,0,0,0,0,0,0
2025-10,SYN-202510-DA1553BCEB163,SYN-202510-PA1553BCEB163,2025-10-04 21:40:34,Social Network,Social iOS C,Concept 02,iOS,North America,False,active,True,,1,3.0,10.0,1.0,1.0,0.242,1.99,2.232,0,0,0,0,0,0,0,0
2025-10,SYN-202510-D15663C0FF828,SYN-202510-P15663C0FF828,2025-10-04 21:41:56,Game Network,Game iOS B,Concept 136,iOS,APAC,False,active,True,,1,2.0,35.0,5.0,1.0,0.131,0.0,0.131,0,0,0,0,0,0,0,0
2025-10,SYN-202510-D52EA6E60B7A7,SYN-202510-P52EA6E60B7A7,2025-10-04 21:47:48,Game Network,Game Android C,Concept 32,Android,North America,False,active,False,,0,0.0,0.0,0.0,0.0,0.0,0.0,0.0,0,0,0,0,0,0,0,0
2025-10,SYN-202510-DD7E19FFB0802,SYN-202510-PD7E19FFB0802,2025-10-04 21:49:03,Game Network,Game Android C,Concept 30,Android,Western Europe,False,active,False,,0,0.0,0.0,0.0,0.0,0.0,0.0,0.0,0,0,0,0,0,0,0,0
2025-10,SYN-202510-D92C9F636DA30,SYN-202510-P92C9F636DA30,2025-10-04 22:08:01,Game Network,Game iOS A,Concept 23,iOS,LATAM,False,active,True,,1,1.0,9.0,2.0,1.0,0.2288,0.0,0.2288,0,0,0,0,0,0,0,0
2025-10,SYN-202510-DAA83BE0C8780,SYN-202510-PAA83BE0C8780,2025-10-04 22:32:52,Game Network,Game Android C,Concept 32,Android,LATAM,False,active,False,,0,0.0,0.0,0.0,0.0,0.0,0.0,0.0,0,0,0,0,0,0,0,0
2025-10,SYN-202510-DDC00C3DC4A6D,SYN-202510-PDC00C3DC4A6D,2025-10-04 23:16:34,Game Network,Game iOS A,Concept 21,iOS,Western Europe,False,active,False,,0,0.0,0.0,0.0,0.0,0.0,0.0,0.0,0,0,0,0,0,0,0,0
2025-10,SYN-202510-DEFB2BF1C1F77,SYN-202510-PEFB2BF1C1F77,2025-10-04 23:50:06,Game Network,Game iOS A,Concept 20,iOS,APAC,False,active,True,,1,1.0,5.0,0.0,2.0,0.0,0.0,0.0,0,0,0,0,0,0,0,0
2025-10,SYN-202510-DC0487346E5A8,SYN-202510-PC0487346E5A8,2025-10-04 23:54:40,Game Network,Game iOS A,Concept 23,iOS,North America,False,active,True,,1,1.0,8.0,0.0,2.0,0.0,0.0,0.0,0,0,0,0,0,0,0,0
2025-10,SYN-202510-DE04872A4B045,SYN-202510-PE04872A4B045,2025-10-04 23:59:39,Game Network,Game iOS B,Concept 24,iOS,North America,False,active,True,,1,1.0,8.0,0.0,1.0,0.0,0.0,0.0,0,0,0,0,0,0,0,0
2025-10,SYN-202510-D5E5AF58D5075,SYN-202510-P5E5AF58D5075,2025-10-05 00:10:23,Search Network,Search Android E,Campaign-level,Android,North America,False,active,True,,1,1.0,9.0,0.0,1.0,0.0,0.0,0.0,0,0,0,0,0,0,0,0
2025-10,SYN-202510-D7FFD7AC85BF2,SYN-202510-P7FFD7AC85BF2,2025-10-05 01:01:57,Game Network,Game iOS B,Concept 24,iOS,APAC,False,active,True,,1,7.0,25.0,14.0,1.0,0.21,0.0,0.21,0,0,0,0,0,0,0,0
2025-10,SYN-202510-D999E901EF3F7,SYN-202510-P999E901EF3F7,2025-10-05 01:25:59,Game Network,Game Android C,Concept 31,Android,Western Europe,False,active,True,,1,2.0,33.0,12.0,1.0,0.020399999999999998,0.0,0.020399999999999998,0,0,0,0,0,0,0,0
2025-10,SYN-202510-D4E70149B92FF,SYN-202510-P4E70149B92FF,2025-10-05 01:42:02,Search Network,Search Android A,Campaign-level,Android,Western Europe,False,active,True,,1,1.0,6.0,1.0,1.0,0.856,0.0,0.856,0,0,0,0,0,0,0,0
2025-10,SYN-202510-D9CB7FBA4D470,SYN-202510-P9CB7FBA4D470,2025-10-05 02:09:49,Game Network,Game iOS B,Concept 24,iOS,APAC,False,active,True,,1,1.0,44.0,7.0,1.0,0.1988,0.0,0.1988,0,0,0,0,0,0,0,0
2025-10,SYN-202510-DD70D079FB344,SYN-202510-PD70D079FB344,2025-10-05 02:10:32,Game Network,Game iOS B,Concept 136,iOS,Western Europe,False,active,True,,1,1.0,10.0,0.0,1.0,0.0,0.0,0.0,0,0,0,0,0,0,0,0
2025-10,SYN-202510-D64004A0A8AB5,SYN-202510-P64004A0A8AB5,2025-10-05 02:16:13,Game Network,Game Android C,Concept 30,Android,Western Europe,False,active,True,,1,1.0,1.0,1.0,1.0,0.0144,0.0,0.0144,0,0,0,0,0,0,0,0
2025-10,SYN-202510-DABC2639D36FA,SYN-202510-PABC2639D36FA,2025-10-05 02:28:04,Social Network,Social iOS C,Concept 05,iOS,APAC,False,active,True,,1,7.0,86.0,15.0,1.0,0.249,0.0,0.249,0,0,0,0,0,0,0,0
2025-10,SYN-202510-DC944E06F4DAB,SYN-202510-PC944E06F4DAB,2025-10-05 02:40:51,Game Network,Game Android C,Concept 30,Android,North America,False,active,True,,1,1.0,11.0,1.0,1.0,0.0116,0.0,0.0116,0,0,0,0,0,0,0,0
2025-10,SYN-202510-D9236E26F8FD9,SYN-202510-P9236E26F8FD9,2025-10-05 02:43:12,Search Network,Search Android E,Campaign-level,Android,North America,False,active,True,,1,2.0,11.0,0.0,1.0,0.0,0.0,0.0,0,0,0,0,0,0,0,0
2025-10,SYN-202510-D12D01833BA75,SYN-202510-P12D01833BA75,2025-10-05 03:25:36,Game Network,Game Android C,Concept 32,Android,Western Europe,False,active,False,,0,0.0,0.0,0.0,0.0,0.0,0.0,0.0,0,0,0,0,0,0,0,0
2025-10,SYN-202510-DD13A0DBF820D,SYN-202510-PD13A0DBF820D,2025-10-05 03:40:54,Game Network,Game Android C,Concept 32,Android,Western Europe,False,active,False,,0,0.0,0.0,0.0,0.0,0.0,0.0,0.0,0,0,0,0,0,0,0,0
2025-10,SYN-202510-DA87984C84763,SYN-202510-PA87984C84763,2025-10-05 03:45:42,Game Network,Game Android C,Concept 30,Android,LATAM,False,active,True,,1,1.0,4.0,0.0,1.0,0.0,0.0,0.0,0,0,0,0,0,0,0,0
2025-10,SYN-202510-D5FA6048E410A,SYN-202510-P5FA6048E410A,2025-10-05 03:52:25,Search Network,Search Android E,Campaign-level,Android,APAC,False,active,True,,1,1.0,2.0,3.0,1.0,0.0846,0.0,0.0846,0,0,0,0,0,0,0,0
2025-10,SYN-202510-D9A993D86CBE5,SYN-202510-P9A993D86CBE5,2025-10-05 03:54:33,Game Network,Game iOS A,Concept 23,iOS,APAC,False,active,True,,1,1.0,46.0,4.0,1.0,0.3608,0.0,0.3608,0,0,0,0,0,0,0,0
2025-10,SYN-202510-DF3EF7E67B3F3,SYN-202510-PF3EF7E67B3F3,2025-10-05 04:11:59,Game Network,Game Android C,Concept 32,Android,North America,False,active,False,,0,0.0,0.0,0.0,0.0,0.0,0.0,0.0,0,0,0,0,0,0,0,0
2025-10,SYN-202510-D78DECF5CF8D5,SYN-202510-P78DECF5CF8D5,2025-10-05 04:23:25,Game Network,Game Android C,Concept 32,Android,Western Europe,False,active,False,,0,0.0,0.0,0.0,0.0,0.0,0.0,0.0,0,0,0,0,0,0,0,0
2025-10,SYN-202510-DD89775F05143,SYN-202510-PD89775F05143,2025-10-05 04:28:03,Game Network,Game Android C,Concept 32,Android,North America,False,active,False,,0,0.0,0.0,0.0,0.0,0.0,0.0,0.0,0,0,0,0,0,0,0,0
2025-10,SYN-202510-D17595BD8C84C,SYN-202510-P17595BD8C84C,2025-10-05 04:40:51,Game Network,Game Android C,Concept 32,Android,Western Europe,False,active,False,,0,0.0,0.0,0.0,0.0,0.0,0.0,0.0,0,0,0,0,0,0,0,0
2025-10,SYN-202510-D6550159E998C,SYN-202510-P6550159E998C,2025-10-05 05:17:50,Store Search,Store iOS A,Campaign-level,iOS,APAC,False,active,True,,1,1.0,6.0,0.0,1.0,0.0,0.0,0.0,0,0,0,0,0,0,0,0
2025-10,SYN-202510-DC86BA774C715,SYN-202510-PC86BA774C715,2025-10-05 05:19:54,Game Network,Game iOS A,Concept 23,iOS,Western Europe,False,active,True,,1,2.0,10.0,0.0,1.0,0.0,0.0,0.0,0,0,0,0,0,0,0,0
2025-10,SYN-202510-D81CD545C41F4,SYN-202510-P81CD545C41F4,2025-10-05 08:21:48,Game Network,Game iOS A,Concept 23,iOS,Western Europe,False,active,True,,1,1.0,6.0,0.0,1.0,0.0,0.0,0.0,0,0,0,0,0,0,0,0
2025-10,SYN-202510-DE2A8ABD9E705,SYN-202510-PE2A8ABD9E705,2025-10-05 08:59:07,Game Network,Game Android C,Concept 32,Android,North America,False,active,False,,0,0.0,0.0,0.0,0.0,0.0,0.0,0.0,0,0,0,0,0,0,0,0
2025-10,SYN-202510-D701B0FE04D9F,SYN-202510-P701B0FE04D9F,2025-10-05 09:24:11,Game Network,Game iOS A,Concept 23,iOS,APAC,False,active,True,,1,2.0,2.0,1.0,1.0,0.3391,0.0,0.3391,0,0,0,0,0,0,0,0
2025-10,SYN-202510-DCE3B0156A607,SYN-202510-PCE3B0156A607,2025-10-05 09:42:39,Game Network,Game Android C,Concept 32,Android,APAC,False,active,False,,0,0.0,0.0,0.0,0.0,0.0,0.0,0.0,0,0,0,0,0,0,0,0
2025-10,SYN-202510-DCC4CEBA3A855,SYN-202510-PCC4CEBA3A855,2025-10-05 10:41:25,Game Network,Game Android C,Concept 32,Android,North America,False,active,False,,0,0.0,0.0,0.0,0.0,0.0,0.0,0.0,0,0,0,0,0,0,0,0
2025-10,SYN-202510-D39CCB2BC02DD,SYN-202510-P39CCB2BC02DD,2025-10-05 11:52:50,Game Network,Game iOS B,Concept 24,iOS,North America,False,active,True,,1,2.0,12.0,0.0,1.0,0.0,0.0,0.0,0,0,0,0,0,0,0,0
2025-10,SYN-202510-D368059F20500,SYN-202510-P368059F20500,2025-10-05 12:52:34,Game Network,Game iOS B,Concept 24,iOS,Western Europe,False,active,True,,1,3.0,9.0,1.0,1.0,0.0927,0.0,0.0927,0,0,0,0,0,0,0,0
2025-10,SYN-202510-DB80E91DDD5F4,SYN-202510-PB80E91DDD5F4,2025-10-05 13:03:17,Game Network,Game iOS B,Concept 26,iOS,Western Europe,False,active,True,,1,5.0,52.0,13.0,2.0,0.20020000000000002,0.0,0.20020000000000002,0,0,0,0,0,0,0,0
2025-10,SYN-202510-D58F0DED83640,SYN-202510-P58F0DED83640,2025-10-05 13:10:53,Game Network,Game Android C,Concept 32,Android,Western Europe,False,active,True,,1,1.0,0.0,1.0,1.0,0.0122,0.0,0.0122,0,0,0,0,0,0,0,0
2025-10,SYN-202510-D771BE8BFD901,SYN-202510-P771BE8BFD901,2025-10-05 13:50:15,Game Network,Game iOS B,Concept 24,iOS,Western Europe,False,active,True,,1,5.0,74.0,6.0,1.0,0.2328,0.0,0.2328,0,0,0,0,0,0,0,0
2025-10,SYN-202510-D4C9D632503C0,SYN-202510-P4C9D632503C0,2025-10-05 14:32:01,Game Network,Game iOS B,Concept 24,iOS,APAC,False,active,True,,1,4.0,14.0,1.0,1.0,0.1701,0.0,0.1701,0,0,0,0,0,0,0,0
2025-10,SYN-202510-DE49483B97AC1,SYN-202510-PE49483B97AC1,2025-10-05 16:50:50,Game Network,Game Android C,Concept 31,Android,APAC,False,active,False,,0,0.0,0.0,0.0,0.0,0.0,0.0,0.0,0,0,0,0,0,0,0,0
2025-10,SYN-202510-D2136CDA18324,SYN-202510-P2136CDA18324,2025-10-05 17:07:49,Game Network,Game iOS B,Concept 136,iOS,North America,False,active,True,,1,1.0,10.0,0.0,1.0,0.0,0.0,0.0,0,0,0,0,0,0,0,0
2025-10,SYN-202510-D708C6FAE99C6,SYN-202510-P708C6FAE99C6,2025-10-05 17:22:17,Social Network,Social iOS C,Concept 05,iOS,Western Europe,False,active,True,,1,2.0,6.0,0.0,1.0,0.0,0.0,0.0,0,0,0,0,0,0,0,0
2025-10,SYN-202510-D8DE12D009E7D,SYN-202510-P8DE12D009E7D,2025-10-05 17:36:42,Game Network,Game Android C,Concept 32,Android,APAC,False,active,False,,0,0.0,0.0,0.0,0.0,0.0,0.0,0.0,0,0,0,0,0,0,0,0
2025-10,SYN-202510-DA8EADE1549FD,SYN-202510-PA8EADE1549FD,2025-10-05 17:44:50,Game Network,Game iOS B,Concept 136,iOS,APAC,False,active,True,,1,2.0,35.0,14.0,1.0,0.19039999999999999,0.0,0.19039999999999999,0,0,0,0,0,0,0,0
2025-10,SYN-202510-DBAA7D0EDBBB7,SYN-202510-PBAA7D0EDBBB7,2025-10-05 18:02:32,Game Network,Game Android C,Concept 32,Android,North America,False,active,False,,0,0.0,0.0,0.0,0.0,0.0,0.0,0.0,0,0,0,0,0,0,0,0
2025-10,SYN-202510-DFE997FAC4F59,SYN-202510-PFE997FAC4F59,2025-10-05 18:05:06,Game Network,Game Android C,Concept 30,Android,LATAM,False,active,False,,0,0.0,0.0,0.0,0.0,0.0,0.0,0.0,0,0,0,0,0,0,0,0
2025-10,SYN-202510-D857CE2F81B9A,SYN-202510-P857CE2F81B9A,2025-10-05 18:07:09,Game Network,Game iOS B,Concept 136,iOS,Western Europe,False,active,True,,1,3.0,27.0,3.0,1.0,0.1266,0.0,0.1266,0,0,0,0,0,0,0,0
2025-10,SYN-202510-DFC494346F263,SYN-202510-PFC494346F263,2025-10-05 18:07:11,Social Network,Social iOS C,Concept 05,iOS,LATAM,False,active,True,,1,3.0,8.0,2.0,1.0,0.3846,0.0,0.3846,0,0,0,0,0,0,0,0
2025-10,SYN-202510-DAD3044D9A61E,SYN-202510-PAD3044D9A61E,2025-10-05 18:12:12,Game Network,Game Android C,Concept 32,Android,Western Europe,False,active,False,,0,0.0,0.0,0.0,0.0,0.0,0.0,0.0,0,0,0,0,0,0,0,0
2025-10,SYN-202510-DFCA9CEE2A1C1,SYN-202510-PFCA9CEE2A1C1,2025-10-05 18:13:45,Game Network,Game Android C,Concept 30,Android,Western Europe,False,active,False,,0,0.0,0.0,0.0,0.0,0.0,0.0,0.0,0,0,0,0,0,0,0,0
2025-10,SYN-202510-D346B0E8402AF,SYN-202510-P346B0E8402AF,2025-10-05 18:34:47,Store Search,Store iOS A,Campaign-level,iOS,LATAM,False,active,True,,1,1.0,1.0,0.0,1.0,0.0,0.0,0.0,0,0,0,0,0,0,0,0
2025-10,SYN-202510-D2A8F8962FF35,SYN-202510-P2A8F8962FF35,2025-10-05 19:01:26,Game Network,Game Android C,Concept 31,Android,Western Europe,False,active,False,,0,0.0,0.0,0.0,0.0,0.0,0.0,0.0,0,0,0,0,0,0,0,0
2025-10,SYN-202510-DB418DC07B3FF,SYN-202510-PB418DC07B3FF,2025-10-05 19:20:36,Game Network,Game iOS B,Concept 136,iOS,North America,False,active,True,,1,1.0,2.0,0.0,1.0,0.0,0.0,0.0,0,0,0,0,0,0,0,0
2025-10,SYN-202510-D43FA21163233,SYN-202510-P43FA21163233,2025-10-05 19:28:50,Game Network,Game iOS B,Concept 136,iOS,Western Europe,False,active,True,,1,3.0,21.0,3.0,1.0,0.0807,0.0,0.0807,0,0,0,0,0,0,0,0
2025-10,SYN-202510-D70C1D9474403,SYN-202510-P70C1D9474403,2025-10-05 19:55:26,Game Network,Game Android C,Concept 32,Android,North America,False,active,False,,0,0.0,0.0,0.0,0.0,0.0,0.0,0.0,0,0,0,0,0,0,0,0
2025-10,SYN-202510-DED49385DD5B8,SYN-202510-PED49385DD5B8,2025-10-05 19:57:44,Game Network,Game Android C,Concept 32,Android,North America,False,active,False,,0,0.0,0.0,0.0,0.0,0.0,0.0,0.0,0,0,0,0,0,0,0,0
2025-10,SYN-202510-DBDE518CF1C24,SYN-202510-PBDE518CF1C24,2025-10-05 19:58:34,Search Network,Search Android E,Campaign-level,Android,North America,False,active,True,,1,1.0,5.0,0.0,1.0,0.0,0.0,0.0,0,0,0,0,0,0,0,0
2025-10,SYN-202510-D16306CF98FE9,SYN-202510-P16306CF98FE9,2025-10-05 20:04:53,Game Network,Game iOS A,Concept 19,iOS,APAC,False,active,True,,1,2.0,14.0,3.0,2.0,0.34800000000000003,0.0,0.34800000000000003,0,0,0,0,0,0,0,0
2025-10,SYN-202510-D3634328DB643,SYN-202510-P3634328DB643,2025-10-05 20:07:38,Game Network,Game Android C,Concept 32,Android,North America,False,active,False,,0,0.0,0.0,0.0,0.0,0.0,0.0,0.0,0,0,0,0,0,0,0,0
2025-10,SYN-202510-D3E48A5CE91A1,SYN-202510-P3E48A5CE91A1,2025-10-05 20:16:34,Game Network,Game Android C,Concept 32,Android,North America,False,active,False,,0,0.0,0.0,0.0,0.0,0.0,0.0,0.0,0,0,0,0,0,0,0,0
2025-10,SYN-202510-DDCE3F5001765,SYN-202510-PDCE3F5001765,2025-10-05 20:29:22,Game Network,Game Android C,Concept 30,Android,APAC,False,active,False,,0,0.0,0.0,0.0,0.0,0.0,0.0,0.0,0,0,0,0,0,0,0,0
2025-10,SYN-202510-D3E55A718D931,SYN-202510-P3E55A718D931,2025-10-05 20:34:29,Game Network,Game Android C,Concept 30,Android,North America,False,active,False,,0,0.0,0.0,0.0,0.0,0.0,0.0,0.0,0,0,0,0,0,0,0,0
2025-10,SYN-202510-D8E219A4CAEC8,SYN-202510-P8E219A4CAEC8,2025-10-05 20:35:12,Search Network,Search Android E,Campaign-level,Android,North America,False,active,False,,0,0.0,0.0,0.0,0.0,0.0,0.0,0.0,0,0,0,0,0,0,0,0
2025-10,SYN-202510-D4BC9470A880F,SYN-202510-P4BC9470A880F,2025-10-05 20:35:21,Game Network,Game Android C,Concept 30,Android,North America,False,active,True,,1,1.0,0.0,0.0,1.0,0.0,0.0,0.0,0,0,0,0,0,0,0,0
2025-10,SYN-202510-DC17AB97AF707,SYN-202510-PC17AB97AF707,2025-10-05 20:39:45,Game Network,Game Android C,Concept 32,Android,Western Europe,False,active,False,,0,0.0,0.0,0.0,0.0,0.0,0.0,0.0,0,0,0,0,0,0,0,0
2025-10,SYN-202510-D2E1F05AD4E1E,SYN-202510-P2E1F05AD4E1E,2025-10-05 20:43:10,Game Network,Game iOS B,Concept 136,iOS,APAC,False,active,False,,0,0.0,0.0,0.0,0.0,0.0,0.0,0.0,0,0,0,0,0,0,0,0
2025-10,SYN-202510-D8CD3E95154ED,SYN-202510-P8CD3E95154ED,2025-10-05 20:46:23,Search Network,Search Android A,Campaign-level,Android,North America,False,active,True,,1,10.0,19.0,2.0,1.0,0.9412,0.0,0.9412,0,0,0,0,0,0,0,0
2025-10,SYN-202510-DA48ED7D84E4F,SYN-202510-PA48ED7D84E4F,2025-10-05 20:56:39,Game Network,Game Android C,Concept 30,Android,APAC,False,active,False,,0,0.0,0.0,0.0,0.0,0.0,0.0,0.0,0,0,0,0,0,0,0,0
2025-10,SYN-202510-D9AD4D0CC079A,SYN-202510-P9AD4D0CC079A,2025-10-05 20:57:56,Game Network,Game iOS A,Concept 20,iOS,APAC,False,active,True,,1,1.0,9.0,0.0,1.0,0.0,0.0,0.0,0,0,0,0,0,0,0,0
2025-10,SYN-202510-D8EA102EB6659,SYN-202510-P8EA102EB6659,2025-10-05 21:02:40,Store Search,Store iOS A,Campaign-level,iOS,APAC,False,active,True,,1,2.0,10.0,0.0,1.0,0.0,0.0,0.0,0,0,0,0,0,0,0,0
2025-10,SYN-202510-DF9CC479B6751,SYN-202510-PF9CC479B6751,2025-10-05 21:39:04,Game Network,Game Android C,Concept 30,Android,North America,False,active,False,,0,0.0,0.0,0.0,0.0,0.0,0.0,0.0,0,0,0,0,0,0,0,0
2025-10,SYN-202510-D361B6FB67958,SYN-202510-P361B6FB67958,2025-10-05 21:49:39,Game Network,Game iOS A,Concept 23,iOS,Western Europe,False,active,False,,0,0.0,0.0,0.0,0.0,0.0,0.0,0.0,0,0,0,0,0,0,0,0
2025-10,SYN-202510-DF05CD720AED8,SYN-202510-PF05CD720AED8,2025-10-05 21:51:40,Game Network,Game Android C,Concept 32,Android,APAC,False,active,False,,0,0.0,0.0,0.0,0.0,0.0,0.0,0.0,0,0,0,0,0,0,0,0
2025-10,SYN-202510-DA354E1E29E1D,SYN-202510-PA354E1E29E1D,2025-10-05 21:52:11,Game Network,Game iOS A,Concept 23,iOS,North America,False,active,True,,1,1.0,22.0,6.0,1.0,0.5394,0.0,0.5394,0,0,0,0,0,0,0,0
2025-10,SYN-202510-D24D15E62D024,SYN-202510-P24D15E62D024,2025-10-05 21:57:13,Search Network,Search Android E,Campaign-level,Android,North America,False,active,True,,1,1.0,0.0,0.0,1.0,0.0,0.0,0.0,0,0,0,0,0,0,0,0
2025-10,SYN-202510-DB5A1D98C2A64,SYN-202510-PB5A1D98C2A64,2025-10-05 22:12:38,Game Network,Game Android C,Concept 30,Android,North America,False,active,True,,1,1.0,13.0,2.0,1.0,0.0234,0.0,0.0234,0,0,0,0,0,0,0,0
2025-10,SYN-202510-D0A161AD3AB18,SYN-202510-P0A161AD3AB18,2025-10-05 22:13:07,Game Network,Game Android C,Concept 32,Android,North America,False,active,False,,0,0.0,0.0,0.0,0.0,0.0,0.0,0.0,0,0,0,0,0,0,0,0
2025-10,SYN-202510-DC31888EBEF64,SYN-202510-PC31888EBEF64,2025-10-05 22:17:30,Game Network,Game Android C,Concept 30,Android,Western Europe,False,active,False,,0,0.0,0.0,0.0,0.0,0.0,0.0,0.0,0,0,0,0,0,0,0,0
2025-10,SYN-202510-D8B2D08D61919,SYN-202510-P8B2D08D61919,2025-10-05 22:28:43,Search Network,Search Android E,Campaign-level,Android,Western Europe,False,active,True,,1,4.0,20.0,7.0,1.0,0.0588,0.0,0.0588,0,0,0,0,0,0,0,0
2025-10,SYN-202510-DBA21CD6145F4,SYN-202510-PBA21CD6145F4,2025-10-05 22:30:44,Game Network,Game Android C,Concept 30,Android,North America,False,active,False,,0,0.0,0.0,0.0,0.0,0.0,0.0,0.0,0,0,0,0,0,0,0,0
2025-10,SYN-202510-DBDAE447AB2B1,SYN-202510-PBDAE447AB2B1,2025-10-05 22:31:36,Game Network,Game Android C,Concept 32,Android,Western Europe,False,active,True,,1,2.0,0.0,0.0,1.0,0.0,0.0,0.0,0,0,0,0,0,0,0,0
2025-10,SYN-202510-D5A4203966C9E,SYN-202510-P5A4203966C9E,2025-10-05 22:32:40,Game Network,Game Android C,Concept 31,Android,North America,False,active,False,,0,0.0,0.0,0.0,0.0,0.0,0.0,0.0,0,0,0,0,0,0,0,0
2025-10,SYN-202510-D21833903AEF8,SYN-202510-P21833903AEF8,2025-10-05 22:49:09,Game Network,Game Android C,Concept 32,Android,North America,False,active,False,,0,0.0,0.0,0.0,0.0,0.0,0.0,0.0,0,0,0,0,0,0,0,0
2025-10,SYN-202510-DD748047F0D34,SYN-202510-PD748047F0D34,2025-10-05 23:32:51,Game Network,Game Android C,Concept 32,Android,APAC,False,active,True,,1,2.0,9.0,6.0,2.0,0.018000000000000002,0.0,0.018000000000000002,0,0,0,0,0,0,0,0
2025-10,SYN-202510-D8EF8D1D8CBA3,SYN-202510-P8EF8D1D8CBA3,2025-10-05 23:54:03,Game Network,Game Android C,Concept 32,Android,APAC,False,active,True,,1,5.0,18.0,2.0,2.0,0.0158,0.0,0.0158,0,0,0,0,0,0,0,0
2025-10,SYN-202510-D44E1D5AA9AE5,SYN-202510-P44E1D5AA9AE5,2025-10-06 00:29:19,Game Network,Game iOS A,Concept 23,iOS,North America,False,active,True,,1,2.0,21.0,1.0,1.0,0.3324,0.0,0.3324,0,0,0,0,0,0,0,0
2025-10,SYN-202510-D39F119AEC7F5,SYN-202510-P39F119AEC7F5,2025-10-06 00:31:59,Game Network,Game iOS A,Concept 22,iOS,Western Europe,False,active,True,,1,1.0,16.0,2.0,1.0,0.334,0.0,0.334,0,0,0,0,0,0,0,0
2025-10,SYN-202510-DF2B937608283,SYN-202510-PF2B937608283,2025-10-06 00:36:13,Game Network,Game iOS A,Concept 23,iOS,APAC,False,active,True,,1,2.0,11.0,0.0,1.0,0.0,0.0,0.0,0,0,0,0,0,0,0,0
2025-10,SYN-202510-D0EA63ABE1643,SYN-202510-P0EA63ABE1643,2025-10-06 00:41:00,Game Network,Game Android C,Concept 32,Android,APAC,False,active,False,,0,0.0,0.0,0.0,0.0,0.0,0.0,0.0,0,0,0,0,0,0,0,0
2025-10,SYN-202510-D9D9AAF43EFBB,SYN-202510-P9D9AAF43EFBB,2025-10-06 00:54:39,Game Network,Game Android C,Concept 30,Android,North America,False,active,True,,1,2.0,8.0,0.0,1.0,0.0,0.0,0.0,0,0,0,0,0,0,0,0
2025-10,SYN-202510-D4AA674A3B8DC,SYN-202510-P4AA674A3B8DC,2025-10-06 01:03:57,Game Network,Game iOS A,Concept 20,iOS,North America,False,active,True,,1,1.0,10.0,6.0,1.0,0.3036,0.0,0.3036,0,0,0,0,0,0,0,0
2025-10,SYN-202510-D769FCF8A48E7,SYN-202510-P769FCF8A48E7,2025-10-06 01:14:00,Game Network,Game Android C,Concept 30,Android,APAC,False,active,True,,1,2.0,0.0,0.0,1.0,0.0,0.0,0.0,0,0,0,0,0,0,0,0
2025-10,SYN-202510-DCD42B21AB95A,SYN-202510-PCD42B21AB95A,2025-10-06 01:23:16,Game Network,Game iOS A,Concept 23,iOS,APAC,False,active,True,,1,1.0,8.0,3.0,1.0,0.4203,0.0,0.4203,0,0,0,0,0,0,0,0
2025-10,SYN-202510-D6EE746ECECFE,SYN-202510-P6EE746ECECFE,2025-10-06 01:39:09,Search Network,Search Android E,Campaign-level,Android,LATAM,False,active,True,,1,3.0,8.0,1.0,1.0,0.0722,0.0,0.0722,0,0,0,0,0,0,0,0
2025-10,SYN-202510-DC3168E2F4634,SYN-202510-PC3168E2F4634,2025-10-06 01:55:53,Search Network,Search Android E,Campaign-level,Android,APAC,False,active,True,,1,1.0,8.0,0.0,1.0,0.0,0.0,0.0,0,0,0,0,0,0,0,0
2025-10,SYN-202510-DBFFEA44E4E22,SYN-202510-PBFFEA44E4E22,2025-10-06 01:57:39,Social Network,Social iOS C,Concept 05,iOS,Western Europe,False,active,True,,1,2.0,10.0,0.0,1.0,0.0,0.0,0.0,0,0,0,0,0,0,0,0
2025-10,SYN-202510-DF28B3B12AFC2,SYN-202510-PF28B3B12AFC2,2025-10-06 02:03:02,Social Network,Social iOS C,Concept 03,iOS,North America,False,active,True,,1,1.0,4.0,0.0,1.0,0.0,0.0,0.0,0,0,0,0,0,0,0,0
2025-10,SYN-202510-D506D7DE4C5F5,SYN-202510-P506D7DE4C5F5,2025-10-06 02:37:30,Game Network,Game Android C,Concept 32,Android,APAC,False,active,False,,0,0.0,0.0,0.0,0.0,0.0,0.0,0.0,0,0,0,0,0,0,0,0
2025-10,SYN-202510-D7F7BAD64E0DA,SYN-202510-P7F7BAD64E0DA,2025-10-06 02:39:00,Game Network,Game Android C,Concept 32,Android,North America,False,active,True,,1,1.0,10.0,3.0,1.0,0.015300000000000001,0.0,0.015300000000000001,0,0,0,0,0,0,0,0
2025-10,SYN-202510-D0DFCD32BA1FA,SYN-202510-P0DFCD32BA1FA,2025-10-06 02:41:29,Game Network,Game Android C,Concept 32,Android,North America,False,active,False,,0,0.0,0.0,0.0,0.0,0.0,0.0,0.0,0,0,0,0,0,0,0,0
2025-10,SYN-202510-D8B5725B646CA,SYN-202510-P8B5725B646CA,2025-10-06 02:51:42,Game Network,Game Android C,Concept 32,Android,North America,False,active,False,,0,0.0,0.0,0.0,0.0,0.0,0.0,0.0,0,0,0,0,0,0,0,0
2025-10,SYN-202510-DE2A02DAA15B7,SYN-202510-PE2A02DAA15B7,2025-10-06 02:58:12,Game Network,Game Android C,Concept 32,Android,APAC,False,active,False,,0,0.0,0.0,0.0,0.0,0.0,0.0,0.0,0,0,0,0,0,0,0,0
2025-10,SYN-202510-D159DE46E155F,SYN-202510-P159DE46E155F,2025-10-06 03:00:11,Game Network,Game Android C,Concept 32,Android,APAC,False,active,False,,0,0.0,0.0,0.0,0.0,0.0,0.0,0.0,0,0,0,0,0,0,0,0
2025-10,SYN-202510-DBA102CD3EE40,SYN-202510-PBA102CD3EE40,2025-10-06 03:07:11,Game Network,Game Android C,Concept 31,Android,Western Europe,False,active,False,,0,0.0,0.0,0.0,0.0,0.0,0.0,0.0,0,0,0,0,0,0,0,0
2025-10,SYN-202510-D7C74353A0ABD,SYN-202510-P7C74353A0ABD,2025-10-06 03:21:17,Game Network,Game iOS A,Concept 19,iOS,Western Europe,False,active,True,,1,1.0,14.0,2.0,1.0,0.1546,0.0,0.1546,0,0,0,0,0,0,0,0
2025-10,SYN-202510-D3433AE7413A8,SYN-202510-P3433AE7413A8,2025-10-06 03:27:25,Game Network,Game Android C,Concept 30,Android,LATAM,False,active,False,,0,0.0,0.0,0.0,0.0,0.0,0.0,0.0,0,0,0,0,0,0,0,0
2025-10,SYN-202510-DC9793B6E7553,SYN-202510-PC9793B6E7553,2025-10-06 03:28:03,Game Network,Game Android C,Concept 30,Android,Western Europe,False,active,False,,0,0.0,0.0,0.0,0.0,0.0,0.0,0.0,0,0,0,0,0,0,0,0
2025-10,SYN-202510-D2395ACC0AF25,SYN-202510-P2395ACC0AF25,2025-10-06 03:39:16,Game Network,Game iOS B,Concept 136,iOS,LATAM,False,active,True,,1,2.0,3.0,0.0,1.0,0.0,0.0,0.0,0,0,0,0,0,0,0,0
2025-10,SYN-202510-DC27C835B8A2C,SYN-202510-PC27C835B8A2C,2025-10-06 03:45:19,Game Network,Game Android C,Concept 31,Android,North America,False,active,False,,0,0.0,0.0,0.0,0.0,0.0,0.0,0.0,0,0,0,0,0,0,0,0
2025-10,SYN-202510-DA0FB9439A8B0,SYN-202510-PA0FB9439A8B0,2025-10-06 04:17:29,Game Network,Game Android C,Concept 32,Android,LATAM,False,active,False,,0,0.0,0.0,0.0,0.0,0.0,0.0,0.0,0,0,0,0,0,0,0,0
2025-10,SYN-202510-DBB2222F7681C,SYN-202510-PBB2222F7681C,2025-10-06 04:17:29,Search Network,Search Android E,Campaign-level,Android,Western Europe,False,active,False,,0,0.0,0.0,0.0,0.0,0.0,0.0,0.0,0,0,0,0,0,0,0,0
2025-10,SYN-202510-DE737D5D901B0,SYN-202510-PE737D5D901B0,2025-10-06 04:17:29,Game Network,Game Android C,Concept 32,Android,North America,False,active,False,,0,0.0,0.0,0.0,0.0,0.0,0.0,0.0,0,0,0,0,0,0,0,0
