source,campaign,creative,impressions,clicks,installs,spend_usd,days_live,cpi_usd,ipm,ctr,first_impression_date,campaign_cpi_benchmark,status,decision,decision_detail
Game Network,Game Android C,Concept 31,1991,1413,26,23.98,4,0.9223076923076923,13.05876443997991,0.7096936212958312,2025-10-02,,in progress (day 5 of 7),,
Game Network,Game Android C,Concept 32,1669,1094,33,31.490000000000002,4,0.9542424242424243,19.772318753744756,0.6554823247453565,2025-10-02,,in progress (day 5 of 7),,
Game Network,Game Android C,Concept 30,1580,1118,22,20.97,4,0.9531818181818181,13.924050632911392,0.7075949367088608,2025-10-02,,in progress (day 5 of 7),,
Social Network,Social iOS C,Concept 05,641,20,5,9.75,4,1.95,7.800312012480499,0.031201248049921998,2025-10-02,,in progress (day 5 of 7),,
Social Network,Social iOS C,Concept 04,612,41,11,15.08,4,1.3709090909090909,17.973856209150327,0.06699346405228758,2025-10-02,,in progress (day 5 of 7),,
Social Network,Social iOS C,Concept 01,296,21,4,10.17,4,2.5425,13.513513513513514,0.07094594594594594,2025-10-02,,in progress (day 5 of 7),,
Social Network,Social iOS C,Concept 02,291,19,5,9.24,4,1.848,17.18213058419244,0.06529209621993128,2025-10-02,,in progress (day 5 of 7),,
Social Network,Social iOS C,Concept 03,187,29,3,7.76,4,2.5866666666666664,16.0427807486631,0.15508021390374332,2025-10-02,,in progress (day 5 of 7),,
Social Network,Social iOS C,Concept 06,129,32,0,1.54,4,,0.0,0.24806201550387597,2025-10-02,,in progress (day 5 of 7),,
Game Network,Game iOS B,Concept 136,1499,1455,12,9.16,3,0.7633333333333333,8.005336891260841,0.970647098065377,2025-10-03,1.3772,in progress (day 5 of 7),,
Search Network,Search Android A,Concept 42,2,0,0,0.0,1,,0.0,0.0,2025-10-03,,in progress (day 5 of 7),,
Search Network,Search Android E,Concept 128,83,0,0,0.32,2,,0.0,0.0,2025-10-04,,in progress (day 5 of 7),,
Search Network,Search Android E,Concept 129,57,0,0,0.38,2,,0.0,0.0,2025-10-04,,in progress (day 5 of 7),,
Search Network,Search Android E,Concept 133,52,2,0,0.34,2,,0.0,0.038461538461538464,2025-10-04,,in progress (day 5 of 7),,
Search Network,Search Android E,Concept 135,27,1,0,0.29,2,,0.0,0.037037037037037035,2025-10-04,,in progress (day 5 of 7),,
Search Network,Search Android E,Concept 132,22,0,0,0.52,2,,0.0,0.0,2025-10-04,,in progress (day 5 of 7),,
Search Network,Search Android E,Concept 131,16,0,0,0.22,2,,0.0,0.0,2025-10-04,,in progress (day 5 of 7),,
Search Network,Search Android E,Concept 126,12,0,0,0.14,2,,0.0,0.0,2025-10-04,,in progress (day 5 of 7),,
Search Network,Search Android E,Concept 134,7,0,0,0.04,2,,0.0,0.0,2025-10-04,,in progress (day 5 of 7),,
Search Network,Search Android E,Concept 127,6,0,0,0.1,2,,0.0,0.0,2025-10-04,,in progress (day 5 of 7),,
Search Network,Search Android E,Concept 130,4,0,0,0.02,2,,0.0,0.0,2025-10-04,,in progress (day 5 of 7),,
Search Network,Search Android E,Concept 125,2,0,0,0.05,2,,0.0,0.0,2025-10-04,,in progress (day 5 of 7),,
Search Network,Search Android E,Concept 141,8,0,0,0.03,1,,0.0,0.0,2025-10-05,,in progress (day 5 of 7),,
