month,source,campaign,creative,impressions,clicks,reported_installs,spend_usd,acquired_players,sessions,active_days,levels_completed,ad_impressions,ad_revenue_usd,iap_revenue_usd,d7_eligible,d7_returned,ctr,cvr,cpi_usd,total_revenue_usd,roas,sessions_per_player,active_days_per_player,levels_per_player,ad_impressions_per_player,d7_retention,cost_per_d7_retained
2025-09,Store Search,Store Intent,Progress Video H,8428,615,112,278.16,109,580.0,296.0,3114.0,1121.0,23.2084,84.83,90,13,0.07297104888467015,0.1821138211382114,2.5519266055045873,108.0384,0.3884037963761863,5.321100917431193,2.7155963302752295,28.568807339449542,10.284403669724771,0.14444444444444443,21.39692307692308
2025-09,Game Network,Playable Premium,Progress Video D,7501,577,103,218.89,98,450.0,232.0,2366.0,850.0,17.48,54.86,85,13,0.07692307692307693,0.17850953206239167,2.2335714285714285,72.34,0.3304856320526292,4.591836734693878,2.36734693877551,24.142857142857142,8.673469387755102,0.15294117647058825,16.837692307692308
2025-09,Game Network,Playable Premium,Playable Puzzle D,7539,586,102,215.82,100,501.0,268.0,2598.0,977.0,20.0611,80.84,78,10,0.07772914179599416,0.17406143344709898,2.1582,100.9011,0.46752432582707815,5.01,2.68,25.98,9.77,0.1282051282051282,21.582
2025-09,Store Search,Store Intent,Playable Puzzle H,6111,476,86,210.72,84,411.0,219.0,2164.0,781.0,15.5986,73.86,68,6,0.07789232531500573,0.18067226890756302,2.5085714285714285,89.4586,0.424537775246773,4.892857142857143,2.607142857142857,25.761904761904763,9.297619047619047,0.08823529411764706,35.12
2025-09,Store Search,Store Intent,Reward Story H,5817,419,83,206.8,82,438.0,227.0,2384.0,911.0,18.7222,45.92,65,7,0.07203025614577961,0.19809069212410502,2.521951219512195,64.6422,0.31258317214700193,5.341463414634147,2.768292682926829,29.073170731707318,11.109756097560975,0.1076923076923077,29.542857142857144
2025-09,Game Network,Playable Broad,Playable Puzzle C,10517,754,142,196.0,139,636.0,355.0,2952.0,1114.0,22.8534,92.79,104,10,0.07169344870210136,0.1883289124668435,1.410071942446043,115.64340000000001,0.5900173469387756,4.575539568345324,2.553956834532374,21.237410071942445,8.014388489208633,0.09615384615384616,19.6
2025-09,Game Network,Playable Broad,Progress Video C,10273,777,143,195.17000000000002,133,622.0,342.0,2940.0,1116.0,22.7235,75.8,104,12,0.07563516012849217,0.18404118404118405,1.4674436090225564,98.5235,0.5048086283752625,4.676691729323308,2.5714285714285716,22.105263157894736,8.390977443609023,0.11538461538461539,16.264166666666668
2025-09,Game Network,Playable Premium,Reward Story D,6171,515,88,188.62,84,426.0,226.0,2152.0,871.0,17.9821,21.93,67,10,0.08345486955112623,0.170873786407767,2.2454761904761904,39.912099999999995,0.21160057257979004,5.071428571428571,2.6904761904761907,25.61904761904762,10.369047619047619,0.14925373134328357,18.862000000000002
2025-09,Social Network,Social Gameplay,Playable Puzzle E,7945,627,106,183.51,102,374.0,238.0,1659.0,527.0,10.9711,82.86,76,8,0.0789175582127124,0.16905901116427433,1.7991176470588235,93.83109999999999,0.511313279930249,3.6666666666666665,2.3333333333333335,16.264705882352942,5.166666666666667,0.10526315789473684,22.93875
2025-09,Social Network,Social Gameplay,Progress Video E,6929,590,101,173.12,97,380.0,209.0,1649.0,611.0,12.3665,50.86,70,9,0.08514937220378122,0.1711864406779661,1.7847422680412373,63.2265,0.36521776802218114,3.917525773195876,2.154639175257732,17.0,6.298969072164948,0.12857142857142856,19.235555555555557
2025-09,Game Network,Playable Broad,Reward Story C,8662,640,122,166.97,116,571.0,299.0,2785.0,1033.0,21.2018,67.77,88,7,0.07388593858231356,0.190625,1.4393965517241378,88.9718,0.5328609929927532,4.922413793103448,2.5775862068965516,24.00862068965517,8.905172413793103,0.07954545454545454,23.852857142857143
2025-09,Social Network,Social Gameplay,Reward Story E,6390,490,88,149.01999999999998,87,313.0,181.0,1371.0,429.0,8.5379,12.94,69,6,0.07668231611893583,0.17959183673469387,1.7128735632183907,21.477899999999998,0.1441276338746477,3.5977011494252875,2.0804597701149423,15.758620689655173,4.931034482758621,0.08695652173913043,24.836666666666662
2025-09,Search Network,Search Value North,Reward Story B,5815,466,80,125.31,74,299.0,173.0,1398.0,496.0,10.0367,24.94,55,6,0.08013757523645744,0.17167381974248927,1.6933783783783785,34.9767,0.2791213789801293,4.04054054054054,2.3378378378378377,18.89189189189189,6.702702702702703,0.10909090909090909,20.885
2025-09,Search Network,Search Value North,Playable Puzzle B,5250,381,73,113.68,71,280.0,157.0,1294.0,499.0,10.29,16.95,59,8,0.07257142857142856,0.19160104986876642,1.6011267605633803,27.24,0.23961998592540462,3.943661971830986,2.211267605633803,18.225352112676056,7.028169014084507,0.13559322033898305,14.21
2025-09,Search Network,Search Value North,Progress Video B,4295,330,61,96.26,61,276.0,145.0,1268.0,445.0,9.5155,23.94,46,6,0.07683352735739232,0.18484848484848485,1.578032786885246,33.4555,0.3475535009349678,4.524590163934426,2.377049180327869,20.78688524590164,7.295081967213115,0.13043478260869565,16.043333333333333
2025-09,Search Network,Search Value Global,Reward Story A,5643,463,81,86.56,78,257.0,151.0,1068.0,359.0,7.3891,49.900000000000006,63,4,0.08204855573276626,0.17494600431965443,1.1097435897435897,57.289100000000005,0.661842652495379,3.2948717948717947,1.935897435897436,13.692307692307692,4.602564102564102,0.06349206349206349,21.64
2025-09,Search Network,Search Value Global,Progress Video A,4998,413,71,76.74,69,211.0,129.0,870.0,293.0,6.0413,10.95,56,3,0.08263305322128851,0.17191283292978207,1.1121739130434782,16.9913,0.2214138649986969,3.0579710144927534,1.8695652173913044,12.608695652173912,4.246376811594203,0.05357142857142857,25.58
2025-09,Search Network,Search Value Global,Playable Puzzle A,4854,366,68,71.69,67,226.0,135.0,988.0,316.0,6.5158,29.94,53,3,0.0754017305315204,0.18579234972677597,1.07,36.4558,0.5085200167387363,3.373134328358209,2.014925373134328,14.746268656716419,4.7164179104477615,0.05660377358490566,23.896666666666665
2025-09,Social Network,Social Lifestyle,Reward Story F,2139,161,28,63.61,27,95.0,48.0,344.0,118.0,2.4248,4.99,27,0,0.07526881720430108,0.17391304347826086,2.3559259259259258,7.4148,0.11656657758214117,3.5185185185185186,1.7777777777777777,12.74074074074074,4.37037037037037,0.0,
2025-09,Social Network,Social Lifestyle,Progress Video F,1500,119,22,50.92,22,58.0,38.0,229.0,92.0,1.7809,0.0,22,1,0.07933333333333334,0.18487394957983194,2.3145454545454545,1.7809,0.034974469756480754,2.6363636363636362,1.7272727272727273,10.409090909090908,4.181818181818182,0.045454545454545456,50.92
2025-09,Social Network,Social Lifestyle,Playable Puzzle F,1546,115,21,47.66,20,85.0,47.0,328.0,118.0,2.3035,0.0,20,2,0.07438551099611902,0.1826086956521739,2.383,2.3035,0.04833193453629879,4.25,2.35,16.4,5.9,0.1,23.83
2025-09,Discovery Network,Discovery Rewarded,Progress Video G,2159,159,30,29.27,28,84.0,50.0,326.0,112.0,2.358,0.0,28,2,0.07364520611394164,0.18867924528301888,1.0453571428571429,2.358,0.08056030064912881,3.0,1.7857142857142858,11.642857142857142,4.0,0.07142857142857142,14.635
2025-09,Discovery Network,Discovery Rewarded,Reward Story G,1517,116,20,19.79,19,52.0,33.0,186.0,61.0,1.3492,6.970000000000001,19,1,0.07646671061305207,0.1724137931034483,1.041578947368421,8.3192,0.4203739262253664,2.736842105263158,1.736842105263158,9.789473684210526,3.210526315789474,0.05263157894736842,19.79
2025-09,Discovery Network,Discovery Rewarded,Playable Puzzle G,1399,101,19,18.61,19,54.0,36.0,210.0,76.0,1.553,19.98,19,1,0.07219442458899214,0.18811881188118812,0.9794736842105263,21.533,1.1570660934981194,2.8421052631578947,1.894736842105263,11.052631578947368,4.0,0.05263157894736842,18.61
