month,date,source,campaign,platform,lifecycle,impressions,clicks,reported_installs,spend_usd
2025-09,2025-09-01,Search Network,Search Value Global,Android,active,3444,81,15,15.44
2025-09,2025-09-01,Search Network,Search Value North,Android,active,2381,82,16,25.37
2025-09,2025-09-01,Game Network,Playable Broad,iOS,active,3833,129,23,33.05
2025-09,2025-09-01,Game Network,Playable Premium,iOS,active,2101,92,20,43.63
2025-09,2025-09-01,Social Network,Social Gameplay,iOS,active,2094,108,17,29.01
2025-09,2025-09-01,Social Network,Social Lifestyle,iOS,stopped,942,47,7,15.65
2025-09,2025-09-01,Discovery Network,Discovery Rewarded,Android,stopped,1161,75,9,8.07
2025-09,2025-09-01,Store Search,Store Intent,iOS,active,1255,83,16,39.22
2025-09,2025-09-02,Search Network,Search Value Global,Android,active,3397,87,14,13.73
2025-09,2025-09-02,Search Network,Search Value North,Android,active,2512,70,11,15.96
2025-09,2025-09-02,Game Network,Playable Broad,iOS,active,3856,113,24,31.95
2025-09,2025-09-02,Game Network,Playable Premium,iOS,active,2126,82,15,29.59
2025-09,2025-09-02,Social Network,Social Gameplay,iOS,active,2199,106,21,33.77
2025-09,2025-09-02,Social Network,Social Lifestyle,iOS,stopped,940,51,8,16.55
2025-09,2025-09-02,Discovery Network,Discovery Rewarded,Android,stopped,1078,65,9,8.68
2025-09,2025-09-02,Store Search,Store Intent,iOS,active,1291,84,16,40.09
2025-09,2025-09-03,Search Network,Search Value Global,Android,active,3397,92,16,15.52
2025-09,2025-09-03,Search Network,Search Value North,Android,active,2492,88,18,26.03
2025-09,2025-09-03,Game Network,Playable Broad,iOS,active,3815,158,31,41.66
2025-09,2025-09-03,Game Network,Playable Premium,iOS,active,2066,97,19,38.91
2025-09,2025-09-03,Social Network,Social Gameplay,iOS,active,2068,106,19,32.04
2025-09,2025-09-03,Social Network,Social Lifestyle,iOS,stopped,863,50,8,17.12
2025-09,2025-09-03,Discovery Network,Discovery Rewarded,Android,stopped,1145,70,12,12.25
2025-09,2025-09-03,Store Search,Store Intent,iOS,active,1316,86,20,53.18
2025-09,2025-09-04,Search Network,Search Value Global,Android,active,3414,77,14,15.75
2025-09,2025-09-04,Search Network,Search Value North,Android,active,2503,74,13,19.44
2025-09,2025-09-04,Game Network,Playable Broad,iOS,active,3728,127,26,33.42
2025-09,2025-09-04,Game Network,Playable Premium,iOS,active,2081,83,16,35.13
2025-09,2025-09-04,Social Network,Social Gameplay,iOS,active,2121,88,16,24.87
2025-09,2025-09-04,Social Network,Social Lifestyle,iOS,stopped,926,51,7,16.79
2025-09,2025-09-04,Discovery Network,Discovery Rewarded,Android,stopped,1160,61,9,8.13
2025-09,2025-09-04,Store Search,Store Intent,iOS,active,1281,76,15,33.44
2025-09,2025-09-05,Search Network,Search Value Global,Android,active,3470,85,15,16.5
2025-09,2025-09-05,Search Network,Search Value North,Android,active,2344,64,11,17.41
2025-09,2025-09-05,Game Network,Playable Broad,iOS,active,3688,162,32,42.65
2025-09,2025-09-05,Game Network,Playable Premium,iOS,active,2080,91,19,38.34
2025-09,2025-09-05,Social Network,Social Gameplay,iOS,active,2176,106,19,31.15
2025-09,2025-09-05,Social Network,Social Lifestyle,iOS,stopped,986,56,9,19.66
2025-09,2025-09-05,Discovery Network,Discovery Rewarded,Android,stopped,1129,72,11,11.3
2025-09,2025-09-05,Store Search,Store Intent,iOS,active,1279,79,18,44.02
2025-09,2025-09-06,Search Network,Search Value Global,Android,active,3728,113,17,16.65
2025-09,2025-09-06,Search Network,Search Value North,Android,active,2655,95,17,27.58
2025-09,2025-09-06,Game Network,Playable Broad,iOS,active,4131,161,32,43.56
2025-09,2025-09-06,Game Network,Playable Premium,iOS,active,2364,89,18,36.67
2025-09,2025-09-06,Social Network,Social Gameplay,iOS,active,2357,123,24,38.45
2025-09,2025-09-06,Social Network,Social Lifestyle,iOS,stopped,989,56,8,16.47
2025-09,2025-09-06,Discovery Network,Discovery Rewarded,Android,stopped,1159,70,10,9.79
2025-09,2025-09-06,Store Search,Store Intent,iOS,active,1385,98,22,50.62
2025-09,2025-09-07,Search Network,Search Value Global,Android,active,3728,117,17,17.29
2025-09,2025-09-07,Search Network,Search Value North,Android,active,2589,94,17,27.89
2025-09,2025-09-07,Game Network,Playable Broad,iOS,active,4126,141,26,36.48
2025-09,2025-09-07,Game Network,Playable Premium,iOS,active,2256,92,19,39.42
2025-09,2025-09-07,Social Network,Social Gameplay,iOS,active,2406,105,18,30.81
2025-09,2025-09-07,Social Network,Social Lifestyle,iOS,stopped,974,49,8,17.77
2025-09,2025-09-07,Discovery Network,Discovery Rewarded,Android,stopped,1217,75,12,10.91
2025-09,2025-09-07,Store Search,Store Intent,iOS,active,1313,91,20,48.23
2025-09,2025-09-08,Search Network,Search Value Global,Android,active,3424,95,15,15.03
2025-09,2025-09-08,Search Network,Search Value North,Android,active,2337,91,15,23.9
2025-09,2025-09-08,Game Network,Playable Broad,iOS,active,3734,158,31,38.33
2025-09,2025-09-08,Game Network,Playable Premium,iOS,active,2034,86,17,38.27
2025-09,2025-09-08,Social Network,Social Gameplay,iOS,active,2125,106,20,36.69
2025-09,2025-09-08,Social Network,Social Lifestyle,iOS,stopped,866,49,8,16.4
2025-09,2025-09-08,Discovery Network,Discovery Rewarded,Android,stopped,1124,71,12,11.74
2025-09,2025-09-08,Store Search,Store Intent,iOS,active,1263,82,17,44.53
2025-09,2025-09-09,Search Network,Search Value Global,Android,active,3458,70,10,11.03
2025-09,2025-09-09,Search Network,Search Value North,Android,active,2479,91,14,22.23
2025-09,2025-09-09,Game Network,Playable Broad,iOS,active,3708,134,26,32.34
2025-09,2025-09-09,Game Network,Playable Premium,iOS,active,2119,105,21,43.0
2025-09,2025-09-09,Social Network,Social Gameplay,iOS,active,2119,97,14,24.7
2025-09,2025-09-09,Social Network,Social Lifestyle,iOS,stopped,883,53,9,19.28
2025-09,2025-09-09,Discovery Network,Discovery Rewarded,Android,stopped,1127,70,10,9.85
2025-09,2025-09-09,Store Search,Store Intent,iOS,active,1246,80,17,40.84
2025-09,2025-09-10,Search Network,Search Value Global,Android,active,3376,87,15,16.87
2025-09,2025-09-10,Search Network,Search Value North,Android,active,2404,79,14,21.49
2025-09,2025-09-10,Game Network,Playable Broad,iOS,active,3832,142,28,40.72
2025-09,2025-09-10,Game Network,Playable Premium,iOS,active,2127,87,16,33.04
2025-09,2025-09-10,Social Network,Social Gameplay,iOS,active,2077,79,11,19.38
2025-09,2025-09-10,Social Network,Social Lifestyle,iOS,stopped,898,47,7,16.87
2025-09,2025-09-10,Discovery Network,Discovery Rewarded,Android,stopped,1100,69,10,10.18
2025-09,2025-09-10,Store Search,Store Intent,iOS,active,1260,77,15,37.67
2025-09,2025-09-11,Search Network,Search Value Global,Android,active,3303,85,13,12.57
2025-09,2025-09-11,Search Network,Search Value North,Android,active,2359,75,14,21.92
2025-09,2025-09-11,Game Network,Playable Broad,iOS,active,3750,141,29,42.0
2025-09,2025-09-11,Game Network,Playable Premium,iOS,active,2071,89,17,36.59
2025-09,2025-09-11,Social Network,Social Gameplay,iOS,active,2197,105,18,33.32
2025-09,2025-09-11,Social Network,Social Lifestyle,iOS,stopped,863,48,7,15.02
2025-09,2025-09-11,Discovery Network,Discovery Rewarded,Android,stopped,1206,74,12,10.68
2025-09,2025-09-11,Store Search,Store Intent,iOS,active,1263,94,18,42.26
2025-09,2025-09-12,Search Network,Search Value Global,Android,active,3463,88,17,17.95
2025-09,2025-09-12,Search Network,Search Value North,Android,active,2484,67,12,18.37
2025-09,2025-09-12,Game Network,Playable Broad,iOS,active,3813,186,35,49.59
2025-09,2025-09-12,Game Network,Playable Premium,iOS,active,2138,80,16,35.6
2025-09,2025-09-12,Social Network,Social Gameplay,iOS,active,2119,104,17,28.11
2025-09,2025-09-12,Social Network,Social Lifestyle,iOS,stopped,908,46,6,13.44
2025-09,2025-09-12,Discovery Network,Discovery Rewarded,Android,stopped,1105,72,8,7.92
2025-09,2025-09-12,Store Search,Store Intent,iOS,active,1246,81,19,42.89
2025-09,2025-09-13,Search Network,Search Value Global,Android,active,3633,75,13,12.72
2025-09,2025-09-13,Search Network,Search Value North,Android,active,2639,82,16,23.91
2025-09,2025-09-13,Game Network,Playable Broad,iOS,active,4116,133,25,33.27
2025-09,2025-09-13,Game Network,Playable Premium,iOS,active,2310,98,21,44.54
2025-09,2025-09-13,Social Network,Social Gameplay,iOS,active,2341,109,17,29.16
2025-09,2025-09-13,Social Network,Social Lifestyle,iOS,stopped,979,58,7,15.57
2025-09,2025-09-13,Discovery Network,Discovery Rewarded,Android,stopped,1174,74,11,10.1
2025-09,2025-09-13,Store Search,Store Intent,iOS,active,1334,96,20,53.03
2025-09,2025-09-14,Search Network,Search Value Global,Android,active,3713,107,20,19.48
2025-09,2025-09-14,Search Network,Search Value North,Android,active,2598,83,16,23.17
2025-09,2025-09-14,Game Network,Playable Broad,iOS,active,4089,121,25,36.75
2025-09,2025-09-14,Game Network,Playable Premium,iOS,active,2314,108,22,45.01
2025-09,2025-09-14,Social Network,Social Gameplay,iOS,active,2283,125,24,42.05
2025-09,2025-09-14,Social Network,Social Lifestyle,iOS,stopped,953,47,8,17.95
2025-09,2025-09-14,Discovery Network,Discovery Rewarded,Android,stopped,1186,64,8,7.71
2025-09,2025-09-14,Store Search,Store Intent,iOS,active,1367,86,19,49.94
2025-09,2025-09-15,Search Network,Search Value Global,Android,active,3421,55,9,8.68
2025-09,2025-09-15,Search Network,Search Value North,Android,active,2445,78,15,23.31
2025-09,2025-09-15,Game Network,Playable Broad,iOS,active,3761,145,28,39.44
2025-09,2025-09-15,Game Network,Playable Premium,iOS,active,2171,118,26,50.66
2025-09,2025-09-15,Social Network,Social Gameplay,iOS,active,2183,115,22,36.04
2025-09,2025-09-15,Social Network,Social Lifestyle,iOS,stopped,937,55,9,20.29
2025-09,2025-09-15,Discovery Network,Discovery Rewarded,Android,stopped,1120,70,11,11.06
2025-09,2025-09-15,Store Search,Store Intent,iOS,active,1237,83,18,41.68
2025-09,2025-09-16,Search Network,Search Value Global,Android,active,3425,71,10,10.23
2025-09,2025-09-16,Search Network,Search Value North,Android,active,2521,66,13,18.35
2025-09,2025-09-16,Game Network,Playable Broad,iOS,active,3769,150,28,36.61
2025-09,2025-09-16,Game Network,Playable Premium,iOS,active,2073,84,18,40.14
2025-09,2025-09-16,Social Network,Social Gameplay,iOS,active,2220,131,22,38.82
2025-09,2025-09-16,Store Search,Store Intent,iOS,active,1289,90,19,44.77
2025-09,2025-09-17,Search Network,Search Value Global,Android,active,3405,96,14,14.44
2025-09,2025-09-17,Search Network,Search Value North,Android,active,2462,77,14,21.79
2025-09,2025-09-17,Game Network,Playable Broad,iOS,active,3661,153,28,34.86
2025-09,2025-09-17,Game Network,Playable Premium,iOS,active,2052,104,20,43.89
2025-09,2025-09-17,Social Network,Social Gameplay,iOS,active,2134,111,21,36.71
2025-09,2025-09-17,Store Search,Store Intent,iOS,active,1255,91,19,45.06
2025-09,2025-09-18,Search Network,Search Value Global,Android,active,3416,84,14,13.83
2025-09,2025-09-18,Search Network,Search Value North,Android,active,2416,62,12,18.5
2025-09,2025-09-18,Game Network,Playable Broad,iOS,active,3675,133,23,33.11
2025-09,2025-09-18,Game Network,Playable Premium,iOS,active,2025,81,15,33.57
2025-09,2025-09-18,Social Network,Social Gameplay,iOS,active,2096,93,16,29.54
2025-09,2025-09-18,Store Search,Store Intent,iOS,active,1247,87,15,35.34
2025-09,2025-09-19,Search Network,Search Value Global,Android,active,3443,98,16,16.4
2025-09,2025-09-19,Search Network,Search Value North,Android,active,2494,82,14,20.62
2025-09,2025-09-19,Game Network,Playable Broad,iOS,active,3656,133,25,33.91
2025-09,2025-09-19,Game Network,Playable Premium,iOS,active,2069,94,22,42.21
2025-09,2025-09-19,Social Network,Social Gameplay,iOS,active,2126,112,18,29.91
2025-09,2025-09-19,Store Search,Store Intent,iOS,active,1238,86,18,42.43
2025-09,2025-09-20,Search Network,Search Value Global,Android,active,3739,108,17,16.73
2025-09,2025-09-20,Search Network,Search Value North,Android,active,2591,91,18,29.98
2025-09,2025-09-20,Game Network,Playable Broad,iOS,active,4068,163,33,47.93
2025-09,2025-09-20,Game Network,Playable Premium,iOS,active,2304,98,18,37.82
2025-09,2025-09-20,Social Network,Social Gameplay,iOS,active,2379,114,19,33.46
2025-09,2025-09-20,Store Search,Store Intent,iOS,active,1295,79,17,39.24
2025-09,2025-09-21,Search Network,Search Value Global,Android,active,3768,91,17,17.74
2025-09,2025-09-21,Search Network,Search Value North,Android,active,2610,81,14,20.2
2025-09,2025-09-21,Game Network,Playable Broad,iOS,active,4102,159,32,39.78
2025-09,2025-09-21,Game Network,Playable Premium,iOS,active,2301,89,18,38.3
2025-09,2025-09-21,Social Network,Social Gameplay,iOS,active,2326,115,21,34.48
2025-09,2025-09-21,Store Search,Store Intent,iOS,active,1333,92,19,50.16
2025-09,2025-09-22,Search Network,Search Value Global,Android,active,3406,102,17,17.89
2025-09,2025-09-22,Search Network,Search Value North,Android,active,2407,60,11,16.91
2025-09,2025-09-22,Game Network,Playable Broad,iOS,active,3797,146,25,34.22
2025-09,2025-09-22,Game Network,Playable Premium,iOS,active,2063,90,18,35.9
2025-09,2025-09-22,Social Network,Social Gameplay,iOS,active,2155,108,18,29.09
2025-09,2025-09-22,Store Search,Store Intent,iOS,active,1248,78,16,40.4
2025-09,2025-09-23,Search Network,Search Value Global,Android,active,3352,90,15,14.76
2025-09,2025-09-23,Search Network,Search Value North,Android,active,2416,81,14,20.2
2025-09,2025-09-23,Game Network,Playable Broad,iOS,active,3738,129,22,28.17
2025-09,2025-09-23,Game Network,Playable Premium,iOS,active,2076,74,15,31.64
2025-09,2025-09-23,Social Network,Social Gameplay,iOS,active,2231,119,23,37.33
2025-09,2025-09-23,Store Search,Store Intent,iOS,active,1248,86,18,40.41
2025-09,2025-09-24,Search Network,Search Value Global,Android,active,3402,86,13,14.24
2025-09,2025-09-24,Search Network,Search Value North,Android,active,2453,81,14,23.1
2025-09,2025-09-24,Game Network,Playable Broad,iOS,active,3757,138,28,37.45
2025-09,2025-09-24,Game Network,Playable Premium,iOS,active,2083,87,14,31.83
2025-09,2025-09-24,Social Network,Social Gameplay,iOS,active,2180,115,19,35.08
2025-09,2025-09-24,Store Search,Store Intent,iOS,active,1214,83,17,45.09
2025-09,2025-09-25,Search Network,Search Value Global,Android,active,3345,53,8,8.75
2025-09,2025-09-25,Search Network,Search Value North,Android,active,2387,86,15,21.47
2025-09,2025-09-25,Game Network,Playable Broad,iOS,active,3830,141,30,42.06
2025-09,2025-09-25,Game Network,Playable Premium,iOS,active,2097,96,19,38.67
2025-09,2025-09-25,Social Network,Social Gameplay,iOS,active,2156,96,16,29.2
2025-09,2025-09-25,Store Search,Store Intent,iOS,active,1247,85,19,47.95
2025-09,2025-09-26,Search Network,Search Value Global,Android,active,3359,108,19,20.18
2025-09,2025-09-26,Search Network,Search Value North,Android,active,2420,83,14,23.28
2025-09,2025-09-26,Game Network,Playable Broad,iOS,active,3770,149,27,36.78
2025-09,2025-09-26,Game Network,Playable Premium,iOS,active,2115,103,18,36.23
2025-09,2025-09-26,Social Network,Social Gameplay,iOS,active,2122,99,17,26.95
2025-09,2025-09-26,Store Search,Store Intent,iOS,active,1304,86,17,38.76
2025-09,2025-09-27,Search Network,Search Value Global,Android,active,3737,82,14,15.06
2025-09,2025-09-27,Search Network,Search Value North,Android,active,2667,75,14,21.75
2025-09,2025-09-27,Game Network,Playable Broad,iOS,active,4077,145,30,38.99
2025-09,2025-09-27,Game Network,Playable Premium,iOS,active,2242,87,17,33.0
2025-09,2025-09-27,Social Network,Social Gameplay,iOS,active,2345,111,19,33.45
2025-09,2025-09-27,Store Search,Store Intent,iOS,active,1330,89,19,49.83
2025-09,2025-09-28,Search Network,Search Value Global,Android,active,3628,88,16,17.26
2025-09,2025-09-28,Search Network,Search Value North,Android,active,2680,85,15,23.18
2025-09,2025-09-28,Game Network,Playable Broad,iOS,active,4076,134,25,36.72
2025-09,2025-09-28,Game Network,Playable Premium,iOS,active,2363,87,15,33.11
2025-09,2025-09-28,Social Network,Social Gameplay,iOS,active,2293,116,19,33.5
2025-09,2025-09-28,Store Search,Store Intent,iOS,active,1379,92,20,44.89
2025-09,2025-09-29,Search Network,Search Value Global,Android,active,3487,95,18,19.96
2025-09,2025-09-29,Search Network,Search Value North,Android,active,2471,75,14,23.15
2025-09,2025-09-29,Game Network,Playable Broad,iOS,active,3683,135,25,31.61
2025-09,2025-09-29,Game Network,Playable Premium,iOS,active,2161,104,22,45.27
2025-09,2025-09-29,Social Network,Social Gameplay,iOS,active,2122,117,20,31.75
2025-09,2025-09-29,Store Search,Store Intent,iOS,active,1214,81,16,40.63
2025-09,2025-09-30,Search Network,Search Value Global,Android,active,3443,94,15,14.45
2025-09,2025-09-30,Search Network,Search Value North,Android,active,2438,74,13,20.48
2025-09,2025-09-30,Game Network,Playable Broad,iOS,active,3753,147,28,36.99
2025-09,2025-09-30,Game Network,Playable Premium,iOS,active,2105,92,21,40.73
2025-09,2025-09-30,Social Network,Social Gameplay,iOS,active,2106,89,18,31.56
2025-09,2025-09-30,Store Search,Store Intent,iOS,active,1282,82,17,42.72
