source,creative,first_impression_date,seen_on_first_history_day,has_name
Game Network,Concept 136,2025-10-03,False,True
Game Network,Concept 142,2025-09-23,True,True
Game Network,Concept 143,2025-09-23,True,True
Game Network,Concept 152,2025-09-24,False,True
Game Network,Concept 19,2025-09-23,True,True
Game Network,Concept 20,2025-09-23,True,True
Game Network,Concept 21,2025-09-23,True,True
Game Network,Concept 22,2025-09-23,True,True
Game Network,Concept 23,2025-09-23,True,True
Game Network,Concept 24,2025-09-23,True,True
Game Network,Concept 25,2025-09-23,True,True
Game Network,Concept 26,2025-09-23,True,True
Game Network,Concept 27,2025-09-23,True,True
Game Network,Concept 28,2025-09-23,True,True
Game Network,Concept 29,2025-09-23,True,True
Game Network,Concept 30,2025-10-02,False,True
Game Network,Concept 31,2025-10-02,False,True
Game Network,Concept 32,2025-10-02,False,True
Search Network,Concept 100,2025-10-02,False,False
Search Network,Concept 101,2025-10-02,False,False
Search Network,Concept 102,2025-10-02,False,False
Search Network,Concept 103,2025-10-03,False,False
Search Network,Concept 104,2025-10-03,False,False
Search Network,Concept 105,2025-10-02,False,False
Search Network,Concept 106,2025-10-02,False,False
Search Network,Concept 107,2025-10-02,False,False
Search Network,Concept 108,2025-10-02,False,False
Search Network,Concept 109,2025-10-02,False,False
Search Network,Concept 110,2025-10-02,False,False
Search Network,Concept 111,2025-10-02,False,False
Search Network,Concept 112,2025-10-03,False,False
Search Network,Concept 113,2025-10-03,False,False
Search Network,Concept 114,2025-10-02,False,False
Search Network,Concept 115,2025-10-03,False,False
Search Network,Concept 116,2025-10-03,False,False
Search Network,Concept 117,2025-10-03,False,False
Search Network,Concept 118,2025-10-03,False,False
Search Network,Concept 119,2025-10-03,False,False
Search Network,Concept 120,2025-10-03,False,False
Search Network,Concept 121,2025-10-03,False,False
Search Network,Concept 122,2025-10-03,False,False
Search Network,Concept 123,2025-10-03,False,False
Search Network,Concept 124,2025-10-03,False,False
Search Network,Concept 125,2025-10-04,False,True
Search Network,Concept 126,2025-10-04,False,True
Search Network,Concept 127,2025-10-04,False,True
Search Network,Concept 128,2025-10-04,False,True
Search Network,Concept 129,2025-10-04,False,True
Search Network,Concept 130,2025-10-04,False,True
Search Network,Concept 131,2025-10-04,False,True
Search Network,Concept 132,2025-10-04,False,True
Search Network,Concept 133,2025-10-04,False,True
Search Network,Concept 134,2025-10-04,False,True
Search Network,Concept 135,2025-10-04,False,True
Search Network,Concept 137,2025-09-23,True,False
Search Network,Concept 138,2025-09-24,False,False
Search Network,Concept 139,2025-10-03,False,False
Search Network,Concept 140,2025-10-05,False,False
Search Network,Concept 141,2025-10-05,False,True
Search Network,Concept 148,2025-09-23,True,True
Search Network,Concept 149,2025-09-23,True,True
Search Network,Concept 150,2025-09-23,True,True
Search Network,Concept 151,2025-09-23,True,False
Search Network,Concept 153,2025-09-24,False,True
Search Network,Concept 154,2025-09-24,False,False
Search Network,Concept 155,2025-09-24,False,False
Search Network,Concept 156,2025-09-25,False,True
Search Network,Concept 157,2025-09-26,False,False
Search Network,Concept 158,2025-09-26,False,False
Search Network,Concept 159,2025-09-28,False,True
Search Network,Concept 164,2025-09-29,False,True
Search Network,Concept 165,2025-09-30,False,True
Search Network,Concept 166,2025-09-30,False,False
Search Network,Concept 167,2025-10-01,False,True
Search Network,Concept 168,2025-10-01,False,False
Search Network,Concept 169,2025-10-02,False,True
Search Network,Concept 172,2025-09-25,False,True
Search Network,Concept 173,2025-09-23,True,False
Search Network,Concept 34,2025-09-25,False,False
Search Network,Concept 35,2025-09-23,True,False
Search Network,Concept 36,2025-09-23,True,False
Search Network,Concept 37,2025-09-24,False,False
Search Network,Concept 38,2025-09-23,True,False
Search Network,Concept 39,2025-09-23,True,True
Search Network,Concept 40,2025-09-24,False,True
Search Network,Concept 41,2025-09-23,True,True
Search Network,Concept 42,2025-10-03,False,True
Search Network,Concept 43,2025-09-25,False,True
Search Network,Concept 44,2025-09-26,False,True
Search Network,Concept 45,2025-09-23,True,True
Search Network,Concept 46,2025-09-23,True,False
Search Network,Concept 47,2025-09-29,False,False
Search Network,Concept 48,2025-09-23,True,False
Search Network,Concept 49,2025-09-24,False,False
Search Network,Concept 50,2025-09-24,False,True
Search Network,Concept 51,2025-09-25,False,True
Search Network,Concept 52,2025-09-23,True,True
Search Network,Concept 53,2025-09-27,False,True
Search Network,Concept 54,2025-09-23,True,True
Search Network,Concept 55,2025-09-23,True,False
Search Network,Concept 56,2025-09-24,False,False
Search Network,Concept 57,2025-09-23,True,False
Search Network,Concept 58,2025-09-23,True,False
Search Network,Concept 59,2025-09-23,True,False
Search Network,Concept 60,2025-09-25,False,False
Search Network,Concept 61,2025-09-23,True,False
Search Network,Concept 62,2025-09-23,True,False
Search Network,Concept 63,2025-09-23,True,False
Search Network,Concept 64,2025-09-23,True,False
Search Network,Concept 65,2025-09-23,True,False
Search Network,Concept 66,2025-09-23,True,False
Search Network,Concept 67,2025-09-25,False,False
Search Network,Concept 68,2025-09-25,False,False
Search Network,Concept 69,2025-09-24,False,True
Search Network,Concept 70,2025-09-24,False,True
Search Network,Concept 71,2025-09-24,False,True
Search Network,Concept 72,2025-09-26,False,False
Search Network,Concept 73,2025-09-24,False,False
Search Network,Concept 74,2025-09-24,False,False
Search Network,Concept 75,2025-09-23,True,True
Search Network,Concept 76,2025-09-23,True,False
Search Network,Concept 77,2025-09-23,True,False
Search Network,Concept 78,2025-09-23,True,False
Search Network,Concept 79,2025-09-24,False,False
Search Network,Concept 80,2025-09-23,True,True
Search Network,Concept 81,2025-09-23,True,True
Search Network,Concept 82,2025-09-23,True,False
Search Network,Concept 83,2025-09-24,False,False
Search Network,Concept 84,2025-09-26,False,True
Search Network,Concept 85,2025-09-24,False,False
Search Network,Concept 86,2025-09-25,False,False
Search Network,Concept 87,2025-10-02,False,False
Search Network,Concept 88,2025-10-02,False,False
Search Network,Concept 89,2025-10-02,False,False
Search Network,Concept 90,2025-10-03,False,False
Search Network,Concept 91,2025-10-02,False,False
Search Network,Concept 92,2025-10-02,False,False
Search Network,Concept 93,2025-10-03,False,False
Search Network,Concept 94,2025-10-02,False,False
Search Network,Concept 95,2025-10-02,False,False
Search Network,Concept 96,2025-10-02,False,False
Search Network,Concept 97,2025-10-02,False,False
Search Network,Concept 98,2025-10-02,False,False
Search Network,Concept 99,2025-10-02,False,False
Social Network,Concept 01,2025-10-02,False,True
Social Network,Concept 02,2025-10-02,False,True
Social Network,Concept 03,2025-10-02,False,True
Social Network,Concept 04,2025-10-02,False,True
Social Network,Concept 05,2025-10-02,False,True
Social Network,Concept 06,2025-10-02,False,True
Social Network,Concept 144,2025-09-23,True,True
Social Network,Concept 145,2025-09-23,True,True
Social Network,Concept 146,2025-09-23,True,True
Social Network,Concept 147,2025-09-23,True,True
Social Network,Concept 160,2025-09-29,False,True
Social Network,Concept 161,2025-09-29,False,True
Social Network,Concept 162,2025-09-29,False,True
Social Network,Concept 163,2025-09-29,False,True
Social Network,Concept 170,2025-09-23,True,True
Social Network,Concept 33,2025-09-23,True,True
