source,campaign,creative,impressions,clicks,installs,spend_usd,days_live,cpi_usd,ipm,ctr,acquired_players,tracked_players,flagged_players,d1_eligible,d1_returned,d7_eligible,d7_returned,levels_completed,total_revenue_usd,d1_retention,d7_retention,levels_per_player,revenue_per_player_usd,tracking_coverage,flagged_share
Game Network,Game iOS A,Concept 23,2240,2153,45,132.17,7,2.937111111111111,20.089285714285715,0.9611607142857143,54.0,52.0,0.0,48.0,12.0,0.0,0.0,890.0,19.1813,0.25,,16.48148148148148,0.3552092592592593,0.9629629629629629,0.0
Game Network,Game Android C,Concept 32,2668,1798,91,85.93,7,0.9442857142857144,34.107946026986504,0.6739130434782609,83.0,20.0,14.0,66.0,7.0,0.0,0.0,65.0,0.1328,0.10606060606060606,,0.7831325301204819,0.0016,0.24096385542168675,0.1686746987951807
Game Network,Game Android C,Concept 30,2385,1757,61,59.46,7,0.9747540983606557,25.57651991614256,0.7366876310272537,76.0,30.0,4.0,62.0,5.0,0.0,0.0,191.0,0.2864,0.08064516129032258,,2.513157894736842,0.003768421052631579,0.39473684210526316,0.05263157894736842
Game Network,Game Android C,Concept 31,2465,1808,45,42.05,7,0.9344444444444444,18.255578093306287,0.7334685598377282,39.0,16.0,5.0,33.0,4.0,0.0,0.0,144.0,0.1645,0.12121212121212122,,3.6923076923076925,0.004217948717948718,0.41025641025641024,0.1282051282051282
Game Network,Game iOS B,Concept 24,1265,1257,15,27.25,7,1.8166666666666667,11.857707509881424,0.9936758893280633,22.0,21.0,0.0,17.0,8.0,0.0,0.0,576.0,3.7912,0.47058823529411764,,26.181818181818183,0.17232727272727272,0.9545454545454546,0.0
Social Network,Social iOS C,Concept 04,904,59,13,23.57,7,1.813076923076923,14.380530973451327,0.06526548672566372,14.0,11.0,0.0,11.0,3.0,0.0,0.0,315.0,2.6086,0.2727272727272727,,22.5,0.18632857142857143,0.7857142857142857,0.0
Game Network,Game iOS B,Concept 136,2348,2261,23,21.009999999999998,6,0.9134782608695652,9.795570698466781,0.962947189097104,15.0,14.0,0.0,15.0,2.0,0.0,0.0,365.0,12.5846,0.13333333333333333,,24.333333333333332,0.8389733333333333,0.9333333333333333,0.0
Game Network,Game iOS A,Concept 21,153,129,4,20.060000000000002,7,5.015000000000001,26.143790849673202,0.8431372549019608,6.0,5.0,0.0,4.0,1.0,0.0,0.0,122.0,1.8909,0.25,,20.333333333333332,0.31515,0.8333333333333334,0.0
Social Network,Social iOS C,Concept 05,1257,35,16,20.009999999999998,7,1.2506249999999999,12.728719172633253,0.02784407319013524,13.0,13.0,0.0,8.0,4.0,0.0,0.0,570.0,3.7942,0.5,,43.84615384615385,0.29186153846153845,1.0,0.0
Game Network,Game iOS A,Concept 19,265,250,2,18.96,7,9.48,7.547169811320755,0.9433962264150944,3.0,3.0,0.0,2.0,2.0,0.0,0.0,112.0,1.0623,1.0,,37.333333333333336,0.3541,1.0,0.0
Game Network,Game iOS A,Concept 20,532,496,4,13.99,7,3.4975,7.518796992481203,0.9323308270676691,9.0,9.0,0.0,5.0,1.0,0.0,0.0,375.0,7.3246,0.2,,41.666666666666664,0.8138444444444445,1.0,0.0
Social Network,Social iOS C,Concept 01,357,22,4,12.7,7,3.175,11.204481792717086,0.06162464985994398,4.0,4.0,0.0,4.0,0.0,0.0,0.0,24.0,0.5089,0.0,,6.0,0.127225,1.0,0.0
Social Network,Social iOS C,Concept 02,320,20,6,9.8,6,1.6333333333333335,18.75,0.0625,5.0,4.0,0.0,5.0,1.0,0.0,0.0,36.0,1.224,0.2,,7.2,0.2448,0.8,0.0
Game Network,Game iOS B,Concept 25,476,452,7,9.709999999999999,7,1.387142857142857,14.705882352941176,0.9495798319327731,7.0,7.0,0.0,6.0,1.0,0.0,0.0,296.0,1.363,0.16666666666666666,,42.285714285714285,0.1947142857142857,1.0,0.0
Social Network,Social iOS C,Concept 03,213,31,3,9.46,7,3.1533333333333338,14.084507042253522,0.14553990610328638,5.0,4.0,0.0,4.0,0.0,0.0,0.0,16.0,2.2215,0.0,,3.2,0.4443,0.8,0.0
Game Network,Game iOS B,Concept 26,376,339,4,4.9399999999999995,7,1.2349999999999999,10.638297872340425,0.901595744680851,5.0,5.0,0.0,2.0,0.0,0.0,0.0,154.0,0.7174,0.0,,30.8,0.14348,1.0,0.0
Search Network,Search Android A,Concept 45,107,5,0,2.84,7,,0.0,0.04672897196261682,,,,,,,,,,,,,,,
Game Network,Game iOS B,Concept 27,234,218,4,2.8200000000000003,4,0.7050000000000001,17.094017094017094,0.9316239316239316,4.0,4.0,0.0,4.0,3.0,0.0,0.0,137.0,0.9377,0.75,,34.25,0.234425,1.0,0.0
Social Network,Social iOS C,Concept 06,186,34,0,2.5100000000000002,7,,0.0,0.1827956989247312,1.0,1.0,0.0,1.0,0.0,0.0,0.0,2.0,0.0,0.0,,2.0,0.0,1.0,0.0
Search Network,Search Android E,Concept 129,150,2,0,1.8699999999999999,5,,0.0,0.013333333333333334,,,,,,,,,,,,,,,
Game Network,Game iOS A,Concept 22,115,93,0,1.7,7,,0.0,0.808695652173913,1.0,1.0,0.0,1.0,0.0,0.0,0.0,26.0,0.4724,0.0,,26.0,0.4724,1.0,0.0
Game Network,Game iOS B,Concept 28,122,108,2,1.49,1,0.745,16.39344262295082,0.8852459016393442,3.0,3.0,0.0,3.0,0.0,0.0,0.0,102.0,0.41559999999999997,0.0,,34.0,0.13853333333333331,1.0,0.0
Search Network,Search Android A,Concept 58,6,0,0,0.76,5,,0.0,0.0,,,,,,,,,,,,,,,
Search Network,Search Android E,Concept 141,101,1,0,0.66,4,,0.0,0.009900990099009901,,,,,,,,,,,,,,,
Search Network,Search Android E,Concept 134,30,1,1,0.5800000000000001,5,0.5800000000000001,33.333333333333336,0.03333333333333333,,,,,,,,,,,,,,,
Search Network,Search Android E,Concept 132,36,0,0,0.5599999999999999,5,,0.0,0.0,,,,,,,,,,,,,,,
Search Network,Search Android E,Concept 133,84,2,1,0.5,5,0.5,11.904761904761905,0.023809523809523808,,,,,,,,,,,,,,,
Search Network,Search Android E,Concept 128,103,0,0,0.42,5,,0.0,0.0,,,,,,,,,,,,,,,
Search Network,Search Android E,Concept 117,51,1,0,0.4,5,,0.0,0.0196078431372549,,,,,,,,,,,,,,,
Search Network,Search Android E,Concept 135,41,1,0,0.38,5,,0.0,0.024390243902439025,,,,,,,,,,,,,,,
Search Network,Search Android A,Concept 36,5,0,0,0.37,3,,0.0,0.0,,,,,,,,,,,,,,,
Search Network,Search Android E,Concept 89,56,1,0,0.37,6,,0.0,0.017857142857142856,,,,,,,,,,,,,,,
Search Network,Search Android E,Concept 131,35,0,0,0.36,5,,0.0,0.0,,,,,,,,,,,,,,,
Search Network,Search Android E,Concept 105,41,2,0,0.34,6,,0.0,0.04878048780487805,,,,,,,,,,,,,,,
Search Network,Search Android E,Concept 140,53,1,0,0.33,4,,0.0,0.018867924528301886,,,,,,,,,,,,,,,
Search Network,Search Android E,Concept 120,85,1,0,0.33,6,,0.0,0.011764705882352941,,,,,,,,,,,,,,,
Search Network,Search Android E,Concept 102,52,1,0,0.32,7,,0.0,0.019230769230769232,,,,,,,,,,,,,,,
Search Network,Search Android E,Concept 94,18,1,0,0.31,6,,0.0,0.05555555555555555,,,,,,,,,,,,,,,
Search Network,Search Android A,Concept 66,4,0,0,0.29,2,,0.0,0.0,,,,,,,,,,,,,,,
Search Network,Search Android E,Concept 130,25,0,0,0.28,5,,0.0,0.0,,,,,,,,,,,,,,,
Search Network,Search Android E,Concept 118,47,0,1,0.27999999999999997,6,0.27999999999999997,21.27659574468085,0.0,,,,,,,,,,,,,,,
Search Network,Search Android E,Concept 92,22,1,0,0.26,6,,0.0,0.045454545454545456,,,,,,,,,,,,,,,
Search Network,Search Android E,Concept 121,57,0,0,0.25,6,,0.0,0.0,,,,,,,,,,,,,,,
Search Network,Search Android E,Concept 119,55,1,0,0.22999999999999998,6,,0.0,0.01818181818181818,,,,,,,,,,,,,,,
Search Network,Search Android A,Concept 35,13,0,0,0.22000000000000003,7,,0.0,0.0,,,,,,,,,,,,,,,
Search Network,Search Android E,Concept 90,20,0,0,0.22,6,,0.0,0.0,,,,,,,,,,,,,,,
Search Network,Search Android A,Concept 40,12,0,0,0.21000000000000002,4,,0.0,0.0,,,,,,,,,,,,,,,
Search Network,Search Android E,Concept 111,7,0,0,0.21,5,,0.0,0.0,,,,,,,,,,,,,,,
Search Network,Search Android E,Concept 122,51,0,0,0.2,6,,0.0,0.0,,,,,,,,,,,,,,,
Search Network,Search Android E,Concept 126,26,0,0,0.19,5,,0.0,0.0,,,,,,,,,,,,,,,
Search Network,Search Android E,Concept 96,8,0,0,0.19,5,,0.0,0.0,,,,,,,,,,,,,,,
Search Network,Search Android E,Concept 88,35,0,0,0.18,7,,0.0,0.0,,,,,,,,,,,,,,,
Search Network,Search Android E,Concept 97,47,0,0,0.16,7,,0.0,0.0,,,,,,,,,,,,,,,
Search Network,Search Android E,Concept 107,57,0,0,0.15,7,,0.0,0.0,,,,,,,,,,,,,,,
Search Network,Search Android E,Concept 116,27,0,0,0.14,5,,0.0,0.0,,,,,,,,,,,,,,,
Search Network,Search Android E,Concept 106,43,1,0,0.14,7,,0.0,0.023255813953488372,,,,,,,,,,,,,,,
Search Network,Search Android E,Concept 100,109,1,0,0.13999999999999999,7,,0.0,0.009174311926605505,,,,,,,,,,,,,,,
Search Network,Search Android E,Concept 127,20,0,0,0.13,5,,0.0,0.0,,,,,,,,,,,,,,,
Search Network,Search Android E,Concept 110,59,0,0,0.13,7,,0.0,0.0,,,,,,,,,,,,,,,
Search Network,Search Android E,Concept 123,51,0,0,0.12,6,,0.0,0.0,,,,,,,,,,,,,,,
Search Network,Search Android A,Concept 50,10,0,0,0.12,5,,0.0,0.0,,,,,,,,,,,,,,,
Search Network,Search Android B,Concept 81,23,4,1,0.11,1,0.11,43.47826086956522,0.17391304347826086,,,,,,,,,,,,,,,
Search Network,Search Android E,Concept 109,48,0,0,0.11,7,,0.0,0.0,,,,,,,,,,,,,,,
Search Network,Search Android E,Concept 87,70,1,0,0.11,6,,0.0,0.014285714285714285,,,,,,,,,,,,,,,
Search Network,Search Android E,Concept 124,62,0,0,0.11,6,,0.0,0.0,,,,,,,,,,,,,,,
Search Network,Search Android A,Concept 46,21,0,0,0.1,7,,0.0,0.0,,,,,,,,,,,,,,,
Search Network,Search Android A,Concept 71,8,0,0,0.1,5,,0.0,0.0,,,,,,,,,,,,,,,
Search Network,Search Android A,Concept 38,5,0,0,0.09999999999999999,4,,0.0,0.0,,,,,,,,,,,,,,,
Search Network,Search Android E,Concept 108,41,0,0,0.09,7,,0.0,0.0,,,,,,,,,,,,,,,
Search Network,Search Android E,Concept 103,31,0,0,0.09,6,,0.0,0.0,,,,,,,,,,,,,,,
Search Network,Search Android E,Concept 112,43,1,0,0.08,6,,0.0,0.023255813953488372,,,,,,,,,,,,,,,
Search Network,Search Android A,Concept 39,6,0,0,0.08,4,,0.0,0.0,,,,,,,,,,,,,,,
Search Network,Search Android A,Concept 41,14,0,0,0.07,7,,0.0,0.0,,,,,,,,,,,,,,,
Search Network,Search Android E,Concept 104,26,0,0,0.07,6,,0.0,0.0,,,,,,,,,,,,,,,
Search Network,Search Android A,Concept 64,4,0,0,0.060000000000000005,3,,0.0,0.0,,,,,,,,,,,,,,,
Search Network,Search Android E,Concept 98,36,0,0,0.06,7,,0.0,0.0,,,,,,,,,,,,,,,
Search Network,Search Android A,Concept 70,5,0,1,0.06,3,0.06,200.0,0.0,,,,,,,,,,,,,,,
Search Network,Search Android A,Concept 61,4,0,0,0.06,2,,0.0,0.0,,,,,,,,,,,,,,,
Search Network,Search Android B,Concept 75,9,3,0,0.05,1,,0.0,0.3333333333333333,,,,,,,,,,,,,,,
Search Network,Search Android E,Concept 113,22,0,0,0.05,5,,0.0,0.0,,,,,,,,,,,,,,,
Search Network,Search Android E,Concept 125,5,0,0,0.05,4,,0.0,0.0,,,,,,,,,,,,,,,
Search Network,Search Android E,Concept 95,36,0,0,0.05,7,,0.0,0.0,,,,,,,,,,,,,,,
Search Network,Search Android B,Concept 78,5,1,0,0.04,1,,0.0,0.2,,,,,,,,,,,,,,,
Search Network,Search Android B,Concept 80,5,1,0,0.04,1,,0.0,0.2,,,,,,,,,,,,,,,
Search Network,Search Android A,Concept 53,6,0,0,0.04,3,,0.0,0.0,,,,,,,,,,,,,,,
Search Network,Search Android A,Concept 65,6,0,0,0.04,5,,0.0,0.0,,,,,,,,,,,,,,,
Search Network,Search Android A,Concept 47,3,0,1,0.04,3,0.04,333.3333333333333,0.0,,,,,,,,,,,,,,,
Search Network,Search Android E,Concept 114,16,0,0,0.03,7,,0.0,0.0,,,,,,,,,,,,,,,
Search Network,Search Android E,Concept 101,28,0,0,0.03,6,,0.0,0.0,,,,,,,,,,,,,,,
Search Network,Search Android B,Concept 76,1,1,0,0.03,1,,0.0,1.0,,,,,,,,,,,,,,,
Search Network,Search Android A,Concept 57,2,0,0,0.03,2,,0.0,0.0,,,,,,,,,,,,,,,
Search Network,Search Android B,Concept 82,1,0,0,0.03,1,,0.0,0.0,,,,,,,,,,,,,,,
Search Network,Search Android A,Concept 52,4,0,0,0.02,4,,0.0,0.0,,,,,,,,,,,,,,,
Search Network,Search Android A,Concept 49,4,0,0,0.02,4,,0.0,0.0,,,,,,,,,,,,,,,
Search Network,Search Android A,Concept 51,1,0,0,0.02,1,,0.0,0.0,,,,,,,,,,,,,,,
Search Network,Search Android E,Concept 99,34,0,0,0.02,6,,0.0,0.0,,,,,,,,,,,,,,,
Search Network,Search Android A,Concept 60,1,0,0,0.02,1,,0.0,0.0,,,,,,,,,,,,,,,
Search Network,Search Android E,Concept 115,21,0,0,0.01,5,,0.0,0.0,,,,,,,,,,,,,,,
Search Network,Search Android A,Concept 63,3,0,0,0.01,2,,0.0,0.0,,,,,,,,,,,,,,,
Search Network,Search Android A,Concept 73,9,0,1,0.01,5,0.01,111.11111111111111,0.0,,,,,,,,,,,,,,,
Search Network,Search Android A,Concept 34,3,0,0,0.01,3,,0.0,0.0,,,,,,,,,,,,,,,
Search Network,Search Android A,Concept 62,1,0,0,0.01,1,,0.0,0.0,,,,,,,,,,,,,,,
Search Network,Search Android E,Concept 91,10,0,0,0.01,6,,0.0,0.0,,,,,,,,,,,,,,,
Search Network,Search Android B,Concept 77,3,0,0,0.0,1,,0.0,0.0,,,,,,,,,,,,,,,
Search Network,Search Android A,Concept 72,1,0,0,0.0,1,,0.0,0.0,,,,,,,,,,,,,,,
Search Network,Search Android A,Concept 74,2,0,0,0.0,2,,0.0,0.0,,,,,,,,,,,,,,,
Search Network,Search Android A,Concept 137,2,0,0,0.0,2,,0.0,0.0,,,,,,,,,,,,,,,
Search Network,Search Android A,Concept 42,2,0,0,0.0,1,,0.0,0.0,,,,,,,,,,,,,,,
Search Network,Search Android A,Concept 43,1,0,0,0.0,1,,0.0,0.0,,,,,,,,,,,,,,,
Search Network,Search Android A,Concept 44,4,0,0,0.0,3,,0.0,0.0,,,,,,,,,,,,,,,
Search Network,Search Android A,Concept 37,3,0,0,0.0,3,,0.0,0.0,,,,,,,,,,,,,,,
Search Network,Search Android A,Concept 138,2,0,0,0.0,2,,0.0,0.0,,,,,,,,,,,,,,,
Search Network,Search Android A,Concept 149,2,0,0,0.0,2,,0.0,0.0,,,,,,,,,,,,,,,
Search Network,Search Android A,Concept 69,3,0,0,0.0,3,,0.0,0.0,,,,,,,,,,,,,,,
Search Network,Search Android A,Concept 68,1,0,0,0.0,1,,0.0,0.0,,,,,,,,,,,,,,,
Search Network,Search Android A,Concept 67,1,0,0,0.0,1,,0.0,0.0,,,,,,,,,,,,,,,
Search Network,Search Android A,Concept 54,1,0,0,0.0,1,,0.0,0.0,,,,,,,,,,,,,,,
Search Network,Search Android A,Concept 59,5,0,0,0.0,4,,0.0,0.0,,,,,,,,,,,,,,,
Search Network,Search Android A,Concept 56,2,0,0,0.0,2,,0.0,0.0,,,,,,,,,,,,,,,
Search Network,Search Android A,Concept 55,6,0,0,0.0,5,,0.0,0.0,,,,,,,,,,,,,,,
Search Network,Search Android A,Concept 48,2,0,0,0.0,2,,0.0,0.0,,,,,,,,,,,,,,,
Search Network,Search Android A,Concept 173,1,0,0,0.0,1,,0.0,0.0,,,,,,,,,,,,,,,
Search Network,Search Android B,Concept 85,2,0,0,0.0,1,,0.0,0.0,,,,,,,,,,,,,,,
Search Network,Search Android B,Concept 86,1,0,0,0.0,1,,0.0,0.0,,,,,,,,,,,,,,,
Search Network,Search Android E,Concept 139,7,0,0,0.0,3,,0.0,0.0,,,,,,,,,,,,,,,
Search Network,Search Android E,Concept 93,15,0,0,0.0,6,,0.0,0.0,,,,,,,,,,,,,,,
